,id,station,date,prcp,tobs
0,2703,USC00519397,2017-07-31,0.0,80.0
1,5433,USC00513117,2017-07-31,0.0,77.0
2,7615,USC00514830,2017-07-31,,81.0
3,9007,USC00517948,2017-07-31,,81.0
4,12168,USC00519523,2017-07-31,0.0,82.0
5,14950,USC00519281,2017-07-31,0.0,76.0
6,19528,USC00516128,2017-07-31,0.0,74.0
7,2702,USC00519397,2017-07-30,0.0,81.0
8,5432,USC00513117,2017-07-30,0.0,78.0
9,12167,USC00519523,2017-07-30,0.0,84.0
10,14949,USC00519281,2017-07-30,0.0,81.0
11,19527,USC00516128,2017-07-30,0.3,79.0
12,2701,USC00519397,2017-07-29,0.0,81.0
13,5431,USC00513117,2017-07-29,0.06,78.0
14,7614,USC00514830,2017-07-29,0.02,82.0
15,12166,USC00519523,2017-07-29,0.0,83.0
16,14948,USC00519281,2017-07-29,0.23,82.0
17,19526,USC00516128,2017-07-29,0.3,77.0
18,2700,USC00519397,2017-07-28,0.0,81.0
19,5430,USC00513117,2017-07-28,0.13,77.0
20,7613,USC00514830,2017-07-28,0.14,81.0
21,9006,USC00517948,2017-07-28,0.01,80.0
22,12165,USC00519523,2017-07-28,0.0,81.0
23,14947,USC00519281,2017-07-28,0.09,81.0
24,19525,USC00516128,2017-07-28,0.4,73.0
25,2699,USC00519397,2017-07-27,0.0,79.0
26,5429,USC00513117,2017-07-27,0.0,77.0
27,7612,USC00514830,2017-07-27,0.0,80.0
28,9005,USC00517948,2017-07-27,,79.0
29,12164,USC00519523,2017-07-27,0.0,80.0
30,14946,USC00519281,2017-07-27,0.01,76.0
31,19524,USC00516128,2017-07-27,0.0,75.0
32,2698,USC00519397,2017-07-26,0.0,82.0
33,5428,USC00513117,2017-07-26,0.06,78.0
34,7611,USC00514830,2017-07-26,0.02,79.0
35,9004,USC00517948,2017-07-26,,78.0
36,12163,USC00519523,2017-07-26,0.0,84.0
37,14945,USC00519281,2017-07-26,0.12,75.0
38,19523,USC00516128,2017-07-26,0.3,73.0
39,2697,USC00519397,2017-07-25,0.0,80.0
40,5427,USC00513117,2017-07-25,0.03,78.0
41,7610,USC00514830,2017-07-25,0.12,80.0
42,9003,USC00517948,2017-07-25,0.0,81.0
43,12162,USC00519523,2017-07-25,0.05,80.0
44,14944,USC00519281,2017-07-25,0.11,77.0
45,19522,USC00516128,2017-07-25,0.3,79.0
46,2696,USC00519397,2017-07-24,0.05,78.0
47,5426,USC00513117,2017-07-24,0.58,78.0
48,7609,USC00514830,2017-07-24,1.19,79.0
49,12161,USC00519523,2017-07-24,,79.0
50,14943,USC00519281,2017-07-24,0.61,75.0
51,19521,USC00516128,2017-07-24,0.84,77.0
52,2695,USC00519397,2017-07-23,0.0,81.0
53,5425,USC00513117,2017-07-23,0.06,75.0
54,7608,USC00514830,2017-07-23,0.07,82.0
55,14942,USC00519281,2017-07-23,0.2,82.0
56,19520,USC00516128,2017-07-23,0.8,78.0
57,2694,USC00519397,2017-07-22,0.03,81.0
58,5424,USC00513117,2017-07-22,0.07,78.0
59,7607,USC00514830,2017-07-22,0.12,80.0
60,12160,USC00519523,2017-07-22,0.0,78.0
61,14941,USC00519281,2017-07-22,0.2,77.0
62,19519,USC00516128,2017-07-22,4.0,72.0
63,2693,USC00519397,2017-07-21,0.0,80.0
64,5423,USC00513117,2017-07-21,0.0,78.0
65,7606,USC00514830,2017-07-21,0.0,79.0
66,9002,USC00517948,2017-07-21,0.0,81.0
67,12159,USC00519523,2017-07-21,0.0,80.0
68,14940,USC00519281,2017-07-21,0.03,77.0
69,19518,USC00516128,2017-07-21,0.1,72.0
70,2692,USC00519397,2017-07-20,0.03,80.0
71,5422,USC00513117,2017-07-20,0.12,78.0
72,7605,USC00514830,2017-07-20,0.0,79.0
73,9001,USC00517948,2017-07-20,0.0,80.0
74,12158,USC00519523,2017-07-20,0.33,80.0
75,14939,USC00519281,2017-07-20,0.06,77.0
76,19517,USC00516128,2017-07-20,0.7,75.0
77,5421,USC00513117,2017-07-19,0.0,78.0
78,7604,USC00514830,2017-07-19,0.09,80.0
79,9000,USC00517948,2017-07-19,0.0,81.0
80,12157,USC00519523,2017-07-19,0.0,80.0
81,14938,USC00519281,2017-07-19,0.05,76.0
82,19516,USC00516128,2017-07-19,0.27,74.0
83,2691,USC00519397,2017-07-18,0.05,80.0
84,5420,USC00513117,2017-07-18,0.03,78.0
85,7603,USC00514830,2017-07-18,0.0,82.0
86,8999,USC00517948,2017-07-18,0.0,78.0
87,12156,USC00519523,2017-07-18,0.0,83.0
88,14937,USC00519281,2017-07-18,0.05,76.0
89,19515,USC00516128,2017-07-18,2.4,77.0
90,2690,USC00519397,2017-07-17,0.03,80.0
91,5419,USC00513117,2017-07-17,0.12,75.0
92,7602,USC00514830,2017-07-17,0.16,82.0
93,12155,USC00519523,2017-07-17,0.0,82.0
94,14936,USC00519281,2017-07-17,0.21,76.0
95,19514,USC00516128,2017-07-17,0.39,72.0
96,2689,USC00519397,2017-07-16,0.02,78.0
97,5418,USC00513117,2017-07-16,0.07,76.0
98,7601,USC00514830,2017-07-16,0.12,79.0
99,12154,USC00519523,2017-07-16,0.0,82.0
100,14935,USC00519281,2017-07-16,0.1,80.0
101,19513,USC00516128,2017-07-16,0.5,75.0
102,2688,USC00519397,2017-07-15,0.0,80.0
103,5417,USC00513117,2017-07-15,0.03,79.0
104,7600,USC00514830,2017-07-15,0.01,82.0
105,12153,USC00519523,2017-07-15,0.0,82.0
106,14934,USC00519281,2017-07-15,0.05,80.0
107,19512,USC00516128,2017-07-15,0.1,78.0
108,2687,USC00519397,2017-07-14,0.02,81.0
109,5416,USC00513117,2017-07-14,0.05,80.0
110,7599,USC00514830,2017-07-14,0.0,80.0
111,12152,USC00519523,2017-07-14,0.0,80.0
112,14933,USC00519281,2017-07-14,0.2,76.0
113,19511,USC00516128,2017-07-14,0.68,76.0
114,2686,USC00519397,2017-07-13,0.07,79.0
115,5415,USC00513117,2017-07-13,0.33,76.0
116,7598,USC00514830,2017-07-13,0.3,81.0
117,8998,USC00517948,2017-07-13,,81.0
118,12151,USC00519523,2017-07-13,0.11,79.0
119,14932,USC00519281,2017-07-13,0.32,74.0
120,19510,USC00516128,2017-07-13,0.68,77.0
121,2685,USC00519397,2017-07-12,0.0,81.0
122,5414,USC00513117,2017-07-12,0.01,78.0
123,7597,USC00514830,2017-07-12,0.02,81.0
124,8997,USC00517948,2017-07-12,,80.0
125,12150,USC00519523,2017-07-12,0.0,82.0
126,14931,USC00519281,2017-07-12,0.28,74.0
127,19509,USC00516128,2017-07-12,0.05,72.0
128,2684,USC00519397,2017-07-11,0.0,78.0
129,5413,USC00513117,2017-07-11,0.01,76.0
130,7596,USC00514830,2017-07-11,0.0,79.0
131,8996,USC00517948,2017-07-11,,81.0
132,12149,USC00519523,2017-07-11,0.0,79.0
133,14930,USC00519281,2017-07-11,0.02,72.0
134,19508,USC00516128,2017-07-11,0.0,74.0
135,2683,USC00519397,2017-07-10,0.0,80.0
136,5412,USC00513117,2017-07-10,0.0,79.0
137,7595,USC00514830,2017-07-10,0.0,80.0
138,8995,USC00517948,2017-07-10,,78.0
139,12148,USC00519523,2017-07-10,0.0,82.0
140,14929,USC00519281,2017-07-10,0.02,69.0
141,19507,USC00516128,2017-07-10,0.02,77.0
142,2682,USC00519397,2017-07-09,0.0,80.0
143,5411,USC00513117,2017-07-09,0.09,76.0
144,7594,USC00514830,2017-07-09,0.0,82.0
145,12147,USC00519523,2017-07-09,0.0,82.0
146,14928,USC00519281,2017-07-09,0.11,78.0
147,19506,USC00516128,2017-07-09,0.0,78.0
148,2681,USC00519397,2017-07-08,0.0,80.0
149,5410,USC00513117,2017-07-08,0.02,76.0
150,7593,USC00514830,2017-07-08,0.06,81.0
151,12146,USC00519523,2017-07-08,0.0,77.0
152,14927,USC00519281,2017-07-08,0.0,78.0
153,19505,USC00516128,2017-07-08,0.02,71.0
154,2680,USC00519397,2017-07-07,0.0,79.0
155,5409,USC00513117,2017-07-07,0.02,77.0
156,7592,USC00514830,2017-07-07,,77.0
157,8994,USC00517948,2017-07-07,,79.0
158,12145,USC00519523,2017-07-07,0.0,79.0
159,14926,USC00519281,2017-07-07,0.18,75.0
160,19504,USC00516128,2017-07-07,0.3,74.0
161,2679,USC00519397,2017-07-06,0.0,81.0
162,5408,USC00513117,2017-07-06,0.0,76.0
163,8993,USC00517948,2017-07-06,,79.0
164,12144,USC00519523,2017-07-06,0.0,79.0
165,14925,USC00519281,2017-07-06,0.0,74.0
166,19503,USC00516128,2017-07-06,0.02,74.0
167,2678,USC00519397,2017-07-05,0.0,80.0
168,5407,USC00513117,2017-07-05,0.0,77.0
169,7591,USC00514830,2017-07-05,,81.0
170,8992,USC00517948,2017-07-05,,80.0
171,12143,USC00519523,2017-07-05,,80.0
172,14924,USC00519281,2017-07-05,0.0,77.0
173,19502,USC00516128,2017-07-05,0.0,75.0
174,2677,USC00519397,2017-07-04,0.04,80.0
175,5406,USC00513117,2017-07-04,0.03,77.0
176,14923,USC00519281,2017-07-04,0.08,78.0
177,19501,USC00516128,2017-07-04,0.0,77.0
178,2676,USC00519397,2017-07-03,0.04,78.0
179,5405,USC00513117,2017-07-03,0.13,77.0
180,7590,USC00514830,2017-07-03,,81.0
181,8991,USC00517948,2017-07-03,,87.0
182,12142,USC00519523,2017-07-03,0.02,81.0
183,14922,USC00519281,2017-07-03,0.15,76.0
184,19500,USC00516128,2017-07-03,0.4,77.0
185,2675,USC00519397,2017-07-02,0.02,80.0
186,5404,USC00513117,2017-07-02,0.05,77.0
187,12141,USC00519523,2017-07-02,,80.0
188,14921,USC00519281,2017-07-02,0.15,81.0
189,19499,USC00516128,2017-07-02,0.5,78.0
190,2674,USC00519397,2017-07-01,0.02,80.0
191,5403,USC00513117,2017-07-01,0.06,76.0
192,14920,USC00519281,2017-07-01,0.08,79.0
193,19498,USC00516128,2017-07-01,0.1,74.0
194,2341,USC00519397,2016-07-31,0.06,76.0
195,5068,USC00513117,2016-07-31,0.05,76.0
196,11828,USC00519523,2016-07-31,0.79,80.0
197,14585,USC00519281,2016-07-31,0.12,75.0
198,19179,USC00516128,2016-07-31,2.9,75.0
199,2340,USC00519397,2016-07-30,0.0,78.0
200,5067,USC00513117,2016-07-30,0.03,76.0
201,11827,USC00519523,2016-07-30,0.08,77.0
202,14584,USC00519281,2016-07-30,0.01,77.0
203,19178,USC00516128,2016-07-30,0.4,76.0
204,2339,USC00519397,2016-07-29,0.0,79.0
205,5066,USC00513117,2016-07-29,0.0,77.0
206,7312,USC00514830,2016-07-29,0.01,76.0
207,11826,USC00519523,2016-07-29,0.0,82.0
208,14583,USC00519281,2016-07-29,0.0,80.0
209,19177,USC00516128,2016-07-29,0.05,74.0
210,2338,USC00519397,2016-07-28,0.0,80.0
211,5065,USC00513117,2016-07-28,0.0,78.0
212,7311,USC00514830,2016-07-28,0.05,81.0
213,11825,USC00519523,2016-07-28,0.0,82.0
214,14582,USC00519281,2016-07-28,0.0,81.0
215,19176,USC00516128,2016-07-28,0.0,76.0
216,2337,USC00519397,2016-07-27,0.0,80.0
217,5064,USC00513117,2016-07-27,0.02,78.0
218,7310,USC00514830,2016-07-27,0.0,82.0
219,8810,USC00517948,2016-07-27,,77.0
220,11824,USC00519523,2016-07-27,0.0,83.0
221,14581,USC00519281,2016-07-27,0.06,80.0
222,19175,USC00516128,2016-07-27,0.04,76.0
223,2336,USC00519397,2016-07-26,0.0,80.0
224,5063,USC00513117,2016-07-26,0.0,77.0
225,8809,USC00517948,2016-07-26,0.01,82.0
226,11823,USC00519523,2016-07-26,0.0,80.0
227,14580,USC00519281,2016-07-26,0.9,78.0
228,19174,USC00516128,2016-07-26,0.03,76.0
229,2335,USC00519397,2016-07-25,4.2,78.0
230,5062,USC00513117,2016-07-25,7.65,78.0
231,7309,USC00514830,2016-07-25,,77.0
232,8808,USC00517948,2016-07-25,,81.0
233,11822,USC00519523,2016-07-25,3.01,80.0
234,14579,USC00519281,2016-07-25,9.64,78.0
235,19173,USC00516128,2016-07-25,5.35,81.0
236,2334,USC00519397,2016-07-24,0.13,79.0
237,5061,USC00513117,2016-07-24,0.15,78.0
238,11821,USC00519523,2016-07-24,0.18,78.0
239,14578,USC00519281,2016-07-24,0.45,76.0
240,19172,USC00516128,2016-07-24,2.75,75.0
241,2333,USC00519397,2016-07-23,0.0,78.0
242,5060,USC00513117,2016-07-23,0.16,76.0
243,11820,USC00519523,2016-07-23,,79.0
244,14577,USC00519281,2016-07-23,0.07,75.0
245,19171,USC00516128,2016-07-23,,74.0
246,2332,USC00519397,2016-07-22,0.02,76.0
247,5059,USC00513117,2016-07-22,0.06,77.0
248,7308,USC00514830,2016-07-22,0.0,78.0
249,14576,USC00519281,2016-07-22,0.13,78.0
250,2331,USC00519397,2016-07-21,0.04,78.0
251,5058,USC00513117,2016-07-21,0.04,77.0
252,8807,USC00517948,2016-07-21,,78.0
253,11819,USC00519523,2016-07-21,0.06,80.0
254,14575,USC00519281,2016-07-21,0.01,79.0
255,2330,USC00519397,2016-07-20,0.0,78.0
256,5057,USC00513117,2016-07-20,0.0,78.0
257,7307,USC00514830,2016-07-20,0.0,79.0
258,8806,USC00517948,2016-07-20,,78.0
259,11818,USC00519523,2016-07-20,0.02,82.0
260,14574,USC00519281,2016-07-20,0.02,80.0
261,19170,USC00516128,2016-07-20,0.08,74.0
262,2329,USC00519397,2016-07-19,0.03,78.0
263,5056,USC00513117,2016-07-19,0.08,75.0
264,7306,USC00514830,2016-07-19,0.43,80.0
265,8805,USC00517948,2016-07-19,0.5,79.0
266,11817,USC00519523,2016-07-19,0.11,80.0
267,14573,USC00519281,2016-07-19,0.73,79.0
268,19169,USC00516128,2016-07-19,0.41,73.0
269,2328,USC00519397,2016-07-18,1.25,76.0
270,5055,USC00513117,2016-07-18,0.26,76.0
271,7305,USC00514830,2016-07-18,,80.0
272,8804,USC00517948,2016-07-18,,78.0
273,11816,USC00519523,2016-07-18,0.38,76.0
274,14572,USC00519281,2016-07-18,0.23,78.0
275,19168,USC00516128,2016-07-18,0.23,72.0
276,2327,USC00519397,2016-07-17,0.0,78.0
277,5054,USC00513117,2016-07-17,0.03,76.0
278,11815,USC00519523,2016-07-17,0.0,82.0
279,14571,USC00519281,2016-07-17,0.15,77.0
280,19167,USC00516128,2016-07-17,0.55,74.0
281,2326,USC00519397,2016-07-16,0.03,78.0
282,5053,USC00513117,2016-07-16,0.44,75.0
283,7304,USC00514830,2016-07-16,0.65,80.0
284,11814,USC00519523,2016-07-16,0.2,79.0
285,14570,USC00519281,2016-07-16,0.92,73.0
286,19166,USC00516128,2016-07-16,2.05,77.0
287,2325,USC00519397,2016-07-15,0.46,78.0
288,5052,USC00513117,2016-07-15,0.23,74.0
289,7303,USC00514830,2016-07-15,0.43,78.0
290,8803,USC00517948,2016-07-15,,76.0
291,11813,USC00519523,2016-07-15,0.42,80.0
292,14569,USC00519281,2016-07-15,0.14,80.0
293,19165,USC00516128,2016-07-15,1.7,71.0
294,2324,USC00519397,2016-07-14,0.0,79.0
295,5051,USC00513117,2016-07-14,0.43,75.0
296,7302,USC00514830,2016-07-14,0.38,80.0
297,8802,USC00517948,2016-07-14,,78.0
298,11812,USC00519523,2016-07-14,,82.0
299,14568,USC00519281,2016-07-14,0.8,80.0
300,19164,USC00516128,2016-07-14,1.15,73.0
301,2323,USC00519397,2016-07-13,0.0,79.0
302,5050,USC00513117,2016-07-13,0.06,74.0
303,7301,USC00514830,2016-07-13,0.05,78.0
304,8801,USC00517948,2016-07-13,,78.0
305,14567,USC00519281,2016-07-13,0.07,76.0
306,19163,USC00516128,2016-07-13,0.14,75.0
307,2322,USC00519397,2016-07-12,0.0,80.0
308,5049,USC00513117,2016-07-12,0.05,77.0
309,7300,USC00514830,2016-07-12,0.03,80.0
310,8800,USC00517948,2016-07-12,,80.0
311,11811,USC00519523,2016-07-12,0.0,80.0
312,14566,USC00519281,2016-07-12,0.0,80.0
313,19162,USC00516128,2016-07-12,0.03,75.0
314,2321,USC00519397,2016-07-11,0.0,72.0
315,5048,USC00513117,2016-07-11,0.11,73.0
316,7299,USC00514830,2016-07-11,0.0,80.0
317,8799,USC00517948,2016-07-11,,78.0
318,11810,USC00519523,2016-07-11,0.07,78.0
319,14565,USC00519281,2016-07-11,0.14,79.0
320,19161,USC00516128,2016-07-11,0.11,72.0
321,2320,USC00519397,2016-07-10,0.02,78.0
322,5047,USC00513117,2016-07-10,0.14,75.0
323,7298,USC00514830,2016-07-10,0.12,77.0
324,11809,USC00519523,2016-07-10,0.37,78.0
325,14564,USC00519281,2016-07-10,0.63,72.0
326,19160,USC00516128,2016-07-10,1.15,76.0
327,2319,USC00519397,2016-07-09,0.0,80.0
328,5046,USC00513117,2016-07-09,0.0,76.0
329,7297,USC00514830,2016-07-09,0.0,81.0
330,11808,USC00519523,2016-07-09,0.0,78.0
331,14563,USC00519281,2016-07-09,0.04,80.0
332,19159,USC00516128,2016-07-09,0.15,71.0
333,2318,USC00519397,2016-07-08,0.0,80.0
334,5045,USC00513117,2016-07-08,0.03,76.0
335,7296,USC00514830,2016-07-08,0.05,78.0
336,8798,USC00517948,2016-07-08,,80.0
337,11807,USC00519523,2016-07-08,0.01,80.0
338,14562,USC00519281,2016-07-08,0.02,78.0
339,19158,USC00516128,2016-07-08,0.31,73.0
340,2317,USC00519397,2016-07-07,0.01,80.0
341,5044,USC00513117,2016-07-07,0.05,75.0
342,7295,USC00514830,2016-07-07,0.19,77.0
343,8797,USC00517948,2016-07-07,,78.0
344,11806,USC00519523,2016-07-07,0.02,80.0
345,14561,USC00519281,2016-07-07,0.14,73.0
346,19157,USC00516128,2016-07-07,0.92,73.0
347,2316,USC00519397,2016-07-06,0.02,78.0
348,5043,USC00513117,2016-07-06,0.49,74.0
349,7294,USC00514830,2016-07-06,0.2,77.0
350,8796,USC00517948,2016-07-06,,78.0
351,11805,USC00519523,2016-07-06,0.1,76.0
352,14560,USC00519281,2016-07-06,0.8,74.0
353,19156,USC00516128,2016-07-06,1.46,71.0
354,2315,USC00519397,2016-07-05,0.02,78.0
355,5042,USC00513117,2016-07-05,0.05,75.0
356,7293,USC00514830,2016-07-05,0.0,79.0
357,8795,USC00517948,2016-07-05,,77.0
358,11804,USC00519523,2016-07-05,0.12,76.0
359,14559,USC00519281,2016-07-05,0.22,75.0
360,19155,USC00516128,2016-07-05,0.45,71.0
361,2314,USC00519397,2016-07-04,0.04,79.0
362,5041,USC00513117,2016-07-04,0.14,76.0
363,7292,USC00514830,2016-07-04,,79.0
364,11803,USC00519523,2016-07-04,0.03,81.0
365,14558,USC00519281,2016-07-04,0.27,79.0
366,19154,USC00516128,2016-07-04,,74.0
367,2313,USC00519397,2016-07-03,0.0,77.0
368,5040,USC00513117,2016-07-03,0.0,77.0
369,11802,USC00519523,2016-07-03,0.17,76.0
370,14557,USC00519281,2016-07-03,0.03,76.0
371,2312,USC00519397,2016-07-02,0.0,79.0
372,5039,USC00513117,2016-07-02,0.0,77.0
373,11801,USC00519523,2016-07-02,,82.0
374,14556,USC00519281,2016-07-02,0.0,79.0
375,2311,USC00519397,2016-07-01,0.0,79.0
376,5038,USC00513117,2016-07-01,0.0,76.0
377,7291,USC00514830,2016-07-01,0.0,78.0
378,8794,USC00517948,2016-07-01,,80.0
379,14555,USC00519281,2016-07-01,0.0,76.0
380,19153,USC00516128,2016-07-01,,74.0
381,1975,USC00519397,2015-07-31,0.0,80.0
382,8604,USC00517948,2015-07-31,,83.0
383,11492,USC00519523,2015-07-31,0.0,79.0
384,14220,USC00519281,2015-07-31,0.01,77.0
385,16895,USC00511918,2015-07-31,0.0,82.0
386,18842,USC00516128,2015-07-31,0.11,75.0
387,1974,USC00519397,2015-07-30,0.0,82.0
388,6999,USC00514830,2015-07-30,0.01,80.0
389,8603,USC00517948,2015-07-30,,83.0
390,11491,USC00519523,2015-07-30,0.0,82.0
391,14219,USC00519281,2015-07-30,0.0,74.0
392,16894,USC00511918,2015-07-30,,78.0
393,18841,USC00516128,2015-07-30,0.06,75.0
394,1973,USC00519397,2015-07-29,0.0,82.0
395,6998,USC00514830,2015-07-29,0.0,81.0
396,11490,USC00519523,2015-07-29,0.0,81.0
397,14218,USC00519281,2015-07-29,0.02,77.0
398,18840,USC00516128,2015-07-29,0.12,77.0
399,1972,USC00519397,2015-07-28,0.0,81.0
400,6997,USC00514830,2015-07-28,0.0,82.0
401,11489,USC00519523,2015-07-28,0.0,80.0
402,14217,USC00519281,2015-07-28,0.14,74.0
403,16893,USC00511918,2015-07-28,0.0,74.0
404,18839,USC00516128,2015-07-28,0.42,76.0
405,1971,USC00519397,2015-07-27,0.0,81.0
406,6996,USC00514830,2015-07-27,0.0,81.0
407,11488,USC00519523,2015-07-27,0.0,80.0
408,14216,USC00519281,2015-07-27,0.0,75.0
409,16892,USC00511918,2015-07-27,,72.0
410,18838,USC00516128,2015-07-27,0.09,74.0
411,1970,USC00519397,2015-07-26,0.0,80.0
412,6995,USC00514830,2015-07-26,0.0,82.0
413,11487,USC00519523,2015-07-26,0.03,77.0
414,14215,USC00519281,2015-07-26,0.0,72.0
415,18837,USC00516128,2015-07-26,0.0,73.0
416,1969,USC00519397,2015-07-25,0.0,81.0
417,6994,USC00514830,2015-07-25,0.2,81.0
418,11486,USC00519523,2015-07-25,0.0,79.0
419,14214,USC00519281,2015-07-25,0.1,78.0
420,18836,USC00516128,2015-07-25,0.1,72.0
421,1968,USC00519397,2015-07-24,0.0,81.0
422,6993,USC00514830,2015-07-24,0.03,80.0
423,11485,USC00519523,2015-07-24,0.18,78.0
424,14213,USC00519281,2015-07-24,0.03,75.0
425,16891,USC00511918,2015-07-24,0.0,77.0
426,18835,USC00516128,2015-07-24,0.25,75.0
427,1967,USC00519397,2015-07-23,0.0,81.0
428,6992,USC00514830,2015-07-23,0.0,81.0
429,11484,USC00519523,2015-07-23,,84.0
430,14212,USC00519281,2015-07-23,0.02,74.0
431,16890,USC00511918,2015-07-23,0.0,71.0
432,18834,USC00516128,2015-07-23,0.07,75.0
433,1966,USC00519397,2015-07-22,0.01,79.0
434,6991,USC00514830,2015-07-22,0.0,80.0
435,14211,USC00519281,2015-07-22,0.31,76.0
436,16889,USC00511918,2015-07-22,0.0,77.0
437,18833,USC00516128,2015-07-22,2.44,72.0
438,1965,USC00519397,2015-07-21,0.0,81.0
439,6990,USC00514830,2015-07-21,0.0,81.0
440,11483,USC00519523,2015-07-21,0.0,83.0
441,14210,USC00519281,2015-07-21,0.26,73.0
442,16888,USC00511918,2015-07-21,,72.0
443,18832,USC00516128,2015-07-21,,74.0
444,1964,USC00519397,2015-07-20,0.0,79.0
445,4707,USC00513117,2015-07-20,0.03,77.0
446,6989,USC00514830,2015-07-20,,80.0
447,11482,USC00519523,2015-07-20,0.0,80.0
448,14209,USC00519281,2015-07-20,0.01,71.0
449,1963,USC00519397,2015-07-19,0.05,78.0
450,4706,USC00513117,2015-07-19,0.03,77.0
451,11481,USC00519523,2015-07-19,0.11,82.0
452,14208,USC00519281,2015-07-19,0.05,72.0
453,18831,USC00516128,2015-07-19,0.74,72.0
454,1962,USC00519397,2015-07-18,0.0,82.0
455,4705,USC00513117,2015-07-18,0.07,78.0
456,6988,USC00514830,2015-07-18,0.01,81.0
457,11480,USC00519523,2015-07-18,0.0,80.0
458,14207,USC00519281,2015-07-18,0.27,83.0
459,18830,USC00516128,2015-07-18,0.44,75.0
460,1961,USC00519397,2015-07-17,0.0,83.0
461,4704,USC00513117,2015-07-17,,78.0
462,6987,USC00514830,2015-07-17,1.24,80.0
463,11479,USC00519523,2015-07-17,0.13,79.0
464,14206,USC00519281,2015-07-17,0.69,75.0
465,16887,USC00511918,2015-07-17,0.0,75.0
466,18829,USC00516128,2015-07-17,0.47,76.0
467,1960,USC00519397,2015-07-16,0.0,83.0
468,6986,USC00514830,2015-07-16,0.21,76.0
469,8602,USC00517948,2015-07-16,0.05,80.0
470,11478,USC00519523,2015-07-16,0.0,78.0
471,14205,USC00519281,2015-07-16,0.41,74.0
472,16886,USC00511918,2015-07-16,0.0,75.0
473,18828,USC00516128,2015-07-16,0.25,75.0
474,1959,USC00519397,2015-07-15,0.0,81.0
475,4703,USC00513117,2015-07-15,,77.0
476,6985,USC00514830,2015-07-15,0.04,80.0
477,8601,USC00517948,2015-07-15,0.08,79.0
478,11477,USC00519523,2015-07-15,0.0,78.0
479,14204,USC00519281,2015-07-15,0.23,73.0
480,16885,USC00511918,2015-07-15,0.0,71.0
481,18827,USC00516128,2015-07-15,0.68,74.0
482,1958,USC00519397,2015-07-14,0.01,81.0
483,6984,USC00514830,2015-07-14,0.11,79.0
484,8600,USC00517948,2015-07-14,0.05,80.0
485,11476,USC00519523,2015-07-14,0.05,78.0
486,14203,USC00519281,2015-07-14,0.47,73.0
487,16884,USC00511918,2015-07-14,0.0,75.0
488,18826,USC00516128,2015-07-14,0.4,72.0
489,1957,USC00519397,2015-07-13,0.0,80.0
490,4702,USC00513117,2015-07-13,0.2,79.0
491,6983,USC00514830,2015-07-13,0.06,77.0
492,8599,USC00517948,2015-07-13,,80.0
493,11475,USC00519523,2015-07-13,0.06,78.0
494,14202,USC00519281,2015-07-13,0.06,77.0
495,16883,USC00511918,2015-07-13,,77.0
496,18825,USC00516128,2015-07-13,2.59,74.0
497,1956,USC00519397,2015-07-12,0.02,79.0
498,4701,USC00513117,2015-07-12,0.3,77.0
499,6982,USC00514830,2015-07-12,0.15,82.0
500,11474,USC00519523,2015-07-12,0.43,78.0
501,14201,USC00519281,2015-07-12,0.27,82.0
502,18824,USC00516128,2015-07-12,0.49,78.0
503,1955,USC00519397,2015-07-11,0.02,79.0
504,4700,USC00513117,2015-07-11,0.33,78.0
505,6981,USC00514830,2015-07-11,,81.0
506,11473,USC00519523,2015-07-11,0.22,77.0
507,14200,USC00519281,2015-07-11,0.57,77.0
508,18823,USC00516128,2015-07-11,1.57,76.0
509,1954,USC00519397,2015-07-10,0.01,81.0
510,4699,USC00513117,2015-07-10,0.29,77.0
511,8598,USC00517948,2015-07-10,,78.0
512,11472,USC00519523,2015-07-10,0.3,78.0
513,14199,USC00519281,2015-07-10,0.48,76.0
514,16882,USC00511918,2015-07-10,0.0,73.0
515,18822,USC00516128,2015-07-10,2.23,73.0
516,1953,USC00519397,2015-07-09,0.0,81.0
517,4698,USC00513117,2015-07-09,0.05,79.0
518,8597,USC00517948,2015-07-09,0.1,83.0
519,11471,USC00519523,2015-07-09,0.0,79.0
520,14198,USC00519281,2015-07-09,0.04,74.0
521,16881,USC00511918,2015-07-09,0.0,76.0
522,18821,USC00516128,2015-07-09,0.13,75.0
523,1952,USC00519397,2015-07-08,0.03,80.0
524,4697,USC00513117,2015-07-08,,77.0
525,6980,USC00514830,2015-07-08,,82.0
526,8596,USC00517948,2015-07-08,,83.0
527,11470,USC00519523,2015-07-08,0.26,79.0
528,14197,USC00519281,2015-07-08,0.32,75.0
529,16880,USC00511918,2015-07-08,,77.0
530,18820,USC00516128,2015-07-08,1.26,73.0
531,1951,USC00519397,2015-07-07,0.0,81.0
532,8595,USC00517948,2015-07-07,,75.0
533,11469,USC00519523,2015-07-07,0.0,82.0
534,14196,USC00519281,2015-07-07,0.01,75.0
535,18819,USC00516128,2015-07-07,0.13,74.0
536,1950,USC00519397,2015-07-06,0.0,81.0
537,4696,USC00513117,2015-07-06,0.01,78.0
538,6979,USC00514830,2015-07-06,,81.0
539,8594,USC00517948,2015-07-06,,80.0
540,11468,USC00519523,2015-07-06,,80.0
541,14195,USC00519281,2015-07-06,0.0,74.0
542,16879,USC00511918,2015-07-06,,71.0
543,18818,USC00516128,2015-07-06,0.04,74.0
544,1949,USC00519397,2015-07-05,0.0,81.0
545,14194,USC00519281,2015-07-05,0.0,78.0
546,18817,USC00516128,2015-07-05,0.0,74.0
547,1948,USC00519397,2015-07-04,0.0,81.0
548,14193,USC00519281,2015-07-04,0.0,77.0
549,18816,USC00516128,2015-07-04,0.0,75.0
550,1947,USC00519397,2015-07-03,0.0,82.0
551,14192,USC00519281,2015-07-03,0.28,73.0
552,18815,USC00516128,2015-07-03,0.0,76.0
553,1946,USC00519397,2015-07-02,0.0,80.0
554,8593,USC00517948,2015-07-02,0.0,81.0
555,11467,USC00519523,2015-07-02,0.0,80.0
556,14191,USC00519281,2015-07-02,0.0,68.0
557,18814,USC00516128,2015-07-02,0.0,79.0
558,1945,USC00519397,2015-07-01,0.0,79.0
559,6978,USC00514830,2015-07-01,0.0,80.0
560,8592,USC00517948,2015-07-01,,79.0
561,11466,USC00519523,2015-07-01,0.0,71.0
562,14190,USC00519281,2015-07-01,0.01,68.0
563,16878,USC00511918,2015-07-01,,67.0
564,18813,USC00516128,2015-07-01,0.0,75.0
565,1613,USC00519397,2014-07-31,0.0,80.0
566,4370,USC00513117,2014-07-31,0.0,76.0
567,6711,USC00514830,2014-07-31,0.0,78.0
568,8446,USC00517948,2014-07-31,,81.0
569,11153,USC00519523,2014-07-31,,80.0
570,13855,USC00519281,2014-07-31,0.0,73.0
571,16600,USC00511918,2014-07-31,0.0,83.0
572,18514,USC00516128,2014-07-31,0.02,74.0
573,1612,USC00519397,2014-07-30,0.0,79.0
574,4369,USC00513117,2014-07-30,0.0,76.0
575,6710,USC00514830,2014-07-30,0.0,79.0
576,8445,USC00517948,2014-07-30,0.0,83.0
577,13854,USC00519281,2014-07-30,0.0,72.0
578,16599,USC00511918,2014-07-30,0.0,74.0
579,18513,USC00516128,2014-07-30,0.0,73.0
580,1611,USC00519397,2014-07-29,0.0,80.0
581,4368,USC00513117,2014-07-29,0.0,76.0
582,6709,USC00514830,2014-07-29,0.0,79.0
583,8444,USC00517948,2014-07-29,0.0,81.0
584,13853,USC00519281,2014-07-29,0.0,71.0
585,16598,USC00511918,2014-07-29,0.0,70.0
586,18512,USC00516128,2014-07-29,0.0,75.0
587,1610,USC00519397,2014-07-28,0.0,79.0
588,4367,USC00513117,2014-07-28,0.0,76.0
589,6708,USC00514830,2014-07-28,0.0,79.0
590,8443,USC00517948,2014-07-28,,80.0
591,11152,USC00519523,2014-07-28,0.0,78.0
592,13852,USC00519281,2014-07-28,0.0,72.0
593,16597,USC00511918,2014-07-28,0.0,73.0
594,18511,USC00516128,2014-07-28,0.0,74.0
595,1609,USC00519397,2014-07-27,0.79,81.0
596,4366,USC00513117,2014-07-27,0.04,78.0
597,6707,USC00514830,2014-07-27,,81.0
598,11151,USC00519523,2014-07-27,,83.0
599,13851,USC00519281,2014-07-27,0.16,77.0
600,16596,USC00511918,2014-07-27,0.1,75.0
601,18510,USC00516128,2014-07-27,1.43,75.0
602,1608,USC00519397,2014-07-26,0.0,80.0
603,4365,USC00513117,2014-07-26,0.02,77.0
604,13850,USC00519281,2014-07-26,0.13,74.0
605,16595,USC00511918,2014-07-26,0.0,82.0
606,18509,USC00516128,2014-07-26,0.26,74.0
607,1607,USC00519397,2014-07-25,0.0,80.0
608,4364,USC00513117,2014-07-25,0.0,75.0
609,6706,USC00514830,2014-07-25,0.02,79.0
610,8442,USC00517948,2014-07-25,0.0,80.0
611,13849,USC00519281,2014-07-25,0.0,72.0
612,16594,USC00511918,2014-07-25,0.0,76.0
613,18508,USC00516128,2014-07-25,0.05,72.0
614,1606,USC00519397,2014-07-24,0.0,79.0
615,4363,USC00513117,2014-07-24,0.0,77.0
616,6705,USC00514830,2014-07-24,0.02,78.0
617,8441,USC00517948,2014-07-24,,79.0
618,11150,USC00519523,2014-07-24,0.0,80.0
619,13848,USC00519281,2014-07-24,0.02,75.0
620,16593,USC00511918,2014-07-24,0.0,74.0
621,18507,USC00516128,2014-07-24,0.13,73.0
622,1605,USC00519397,2014-07-23,0.01,81.0
623,4362,USC00513117,2014-07-23,0.31,76.0
624,6704,USC00514830,2014-07-23,0.26,77.0
625,8440,USC00517948,2014-07-23,,81.0
626,11149,USC00519523,2014-07-23,0.0,78.0
627,13847,USC00519281,2014-07-23,0.06,75.0
628,16592,USC00511918,2014-07-23,0.01,75.0
629,18506,USC00516128,2014-07-23,0.93,75.0
630,1604,USC00519397,2014-07-22,0.0,78.0
631,4361,USC00513117,2014-07-22,0.01,75.0
632,6703,USC00514830,2014-07-22,0.05,78.0
633,8439,USC00517948,2014-07-22,,81.0
634,11148,USC00519523,2014-07-22,0.41,78.0
635,13846,USC00519281,2014-07-22,0.49,73.0
636,16591,USC00511918,2014-07-22,0.0,74.0
637,18505,USC00516128,2014-07-22,0.14,75.0
638,1603,USC00519397,2014-07-21,0.0,81.0
639,4360,USC00513117,2014-07-21,0.05,82.0
640,6702,USC00514830,2014-07-21,0.57,78.0
641,8438,USC00517948,2014-07-21,,81.0
642,11147,USC00519523,2014-07-21,0.07,79.0
643,13845,USC00519281,2014-07-21,0.17,74.0
644,16590,USC00511918,2014-07-21,0.01,73.0
645,18504,USC00516128,2014-07-21,0.72,73.0
646,1602,USC00519397,2014-07-20,1.09,77.0
647,4359,USC00513117,2014-07-20,5.98,72.0
648,6701,USC00514830,2014-07-20,11.53,76.0
649,11146,USC00519523,2014-07-20,5.54,76.0
650,13844,USC00519281,2014-07-20,7.97,73.0
651,16589,USC00511918,2014-07-20,1.0,74.0
652,18503,USC00516128,2014-07-20,4.3,72.0
653,1601,USC00519397,2014-07-19,0.0,79.0
654,4358,USC00513117,2014-07-19,0.0,76.0
655,6700,USC00514830,2014-07-19,0.0,80.0
656,11145,USC00519523,2014-07-19,0.0,78.0
657,13843,USC00519281,2014-07-19,0.0,75.0
658,16588,USC00511918,2014-07-19,0.0,83.0
659,18502,USC00516128,2014-07-19,0.01,74.0
660,1600,USC00519397,2014-07-18,0.05,79.0
661,4357,USC00513117,2014-07-18,0.13,75.0
662,6699,USC00514830,2014-07-18,0.09,79.0
663,8437,USC00517948,2014-07-18,0.0,81.0
664,11144,USC00519523,2014-07-18,0.0,78.0
665,13842,USC00519281,2014-07-18,0.14,74.0
666,16587,USC00511918,2014-07-18,0.0,74.0
667,18501,USC00516128,2014-07-18,1.04,73.0
668,1599,USC00519397,2014-07-17,0.05,75.0
669,4356,USC00513117,2014-07-17,0.01,75.0
670,6698,USC00514830,2014-07-17,0.04,78.0
671,8436,USC00517948,2014-07-17,0.02,81.0
672,11143,USC00519523,2014-07-17,0.0,77.0
673,13841,USC00519281,2014-07-17,0.01,75.0
674,16586,USC00511918,2014-07-17,0.0,75.0
675,18500,USC00516128,2014-07-17,,70.0
676,1598,USC00519397,2014-07-16,0.03,77.0
677,4355,USC00513117,2014-07-16,0.12,76.0
678,6697,USC00514830,2014-07-16,0.32,78.0
679,8435,USC00517948,2014-07-16,0.0,81.0
680,11142,USC00519523,2014-07-16,0.1,76.0
681,13840,USC00519281,2014-07-16,0.67,76.0
682,16585,USC00511918,2014-07-16,0.0,75.0
683,1597,USC00519397,2014-07-15,0.0,80.0
684,4354,USC00513117,2014-07-15,0.03,76.0
685,6696,USC00514830,2014-07-15,0.01,78.0
686,8434,USC00517948,2014-07-15,0.0,82.0
687,11141,USC00519523,2014-07-15,0.0,77.0
688,13839,USC00519281,2014-07-15,0.15,74.0
689,16584,USC00511918,2014-07-15,0.04,75.0
690,18499,USC00516128,2014-07-15,1.18,75.0
691,1596,USC00519397,2014-07-14,0.0,81.0
692,4353,USC00513117,2014-07-14,0.19,77.0
693,6695,USC00514830,2014-07-14,0.15,78.0
694,8433,USC00517948,2014-07-14,,81.0
695,11140,USC00519523,2014-07-14,0.0,80.0
696,13838,USC00519281,2014-07-14,0.33,75.0
697,16583,USC00511918,2014-07-14,0.0,76.0
698,18498,USC00516128,2014-07-14,1.01,73.0
699,1595,USC00519397,2014-07-13,0.0,80.0
700,4352,USC00513117,2014-07-13,0.05,77.0
701,6694,USC00514830,2014-07-13,0.14,78.0
702,11139,USC00519523,2014-07-13,0.06,81.0
703,13837,USC00519281,2014-07-13,0.18,78.0
704,16582,USC00511918,2014-07-13,0.05,80.0
705,18497,USC00516128,2014-07-13,1.23,72.0
706,1594,USC00519397,2014-07-12,0.0,81.0
707,4351,USC00513117,2014-07-12,0.01,76.0
708,6693,USC00514830,2014-07-12,0.01,81.0
709,11138,USC00519523,2014-07-12,0.0,81.0
710,13836,USC00519281,2014-07-12,0.0,75.0
711,16581,USC00511918,2014-07-12,0.0,81.0
712,18496,USC00516128,2014-07-12,0.16,73.0
713,1593,USC00519397,2014-07-11,0.0,80.0
714,4350,USC00513117,2014-07-11,0.04,73.0
715,6692,USC00514830,2014-07-11,0.0,75.0
716,8432,USC00517948,2014-07-11,,80.0
717,11137,USC00519523,2014-07-11,0.0,81.0
718,13835,USC00519281,2014-07-11,0.05,73.0
719,16580,USC00511918,2014-07-11,0.01,75.0
720,18495,USC00516128,2014-07-11,0.16,75.0
721,1592,USC00519397,2014-07-10,0.0,79.0
722,4349,USC00513117,2014-07-10,0.02,74.0
723,6691,USC00514830,2014-07-10,0.03,78.0
724,8431,USC00517948,2014-07-10,,80.0
725,11136,USC00519523,2014-07-10,0.0,81.0
726,13834,USC00519281,2014-07-10,0.16,73.0
727,16579,USC00511918,2014-07-10,0.0,76.0
728,18494,USC00516128,2014-07-10,0.33,74.0
729,1591,USC00519397,2014-07-09,0.01,78.0
730,4348,USC00513117,2014-07-09,0.01,73.0
731,6690,USC00514830,2014-07-09,0.09,78.0
732,8430,USC00517948,2014-07-09,,77.0
733,11135,USC00519523,2014-07-09,0.07,74.0
734,13833,USC00519281,2014-07-09,0.19,73.0
735,16578,USC00511918,2014-07-09,0.0,72.0
736,18493,USC00516128,2014-07-09,0.55,70.0
737,1590,USC00519397,2014-07-08,0.0,80.0
738,4347,USC00513117,2014-07-08,0.08,75.0
739,6689,USC00514830,2014-07-08,0.02,76.0
740,8429,USC00517948,2014-07-08,,81.0
741,11134,USC00519523,2014-07-08,0.0,77.0
742,13832,USC00519281,2014-07-08,0.08,73.0
743,16577,USC00511918,2014-07-08,0.02,69.0
744,18492,USC00516128,2014-07-08,0.42,73.0
745,1589,USC00519397,2014-07-07,0.0,78.0
746,4346,USC00513117,2014-07-07,0.12,76.0
747,6688,USC00514830,2014-07-07,0.0,77.0
748,8428,USC00517948,2014-07-07,,80.0
749,11133,USC00519523,2014-07-07,0.1,77.0
750,13831,USC00519281,2014-07-07,0.12,71.0
751,16576,USC00511918,2014-07-07,0.02,72.0
752,18491,USC00516128,2014-07-07,0.57,69.0
753,1588,USC00519397,2014-07-06,0.05,76.0
754,4345,USC00513117,2014-07-06,0.21,76.0
755,6687,USC00514830,2014-07-06,0.05,79.0
756,11132,USC00519523,2014-07-06,0.07,77.0
757,13830,USC00519281,2014-07-06,0.37,72.0
758,16575,USC00511918,2014-07-06,0.1,72.0
759,18490,USC00516128,2014-07-06,1.34,71.0
760,1587,USC00519397,2014-07-05,0.02,76.0
761,4344,USC00513117,2014-07-05,0.02,73.0
762,6686,USC00514830,2014-07-05,0.01,78.0
763,11131,USC00519523,2014-07-05,0.05,74.0
764,13829,USC00519281,2014-07-05,0.0,73.0
765,16574,USC00511918,2014-07-05,0.0,73.0
766,18489,USC00516128,2014-07-05,0.12,71.0
767,1586,USC00519397,2014-07-04,0.01,80.0
768,4343,USC00513117,2014-07-04,0.03,78.0
769,6685,USC00514830,2014-07-04,0.03,77.0
770,11130,USC00519523,2014-07-04,0.0,80.0
771,13828,USC00519281,2014-07-04,0.07,78.0
772,16573,USC00511918,2014-07-04,0.0,81.0
773,18488,USC00516128,2014-07-04,0.07,77.0
774,1585,USC00519397,2014-07-03,0.06,77.0
775,4342,USC00513117,2014-07-03,0.19,77.0
776,6684,USC00514830,2014-07-03,0.05,78.0
777,8427,USC00517948,2014-07-03,,81.0
778,11129,USC00519523,2014-07-03,0.1,76.0
779,13827,USC00519281,2014-07-03,0.16,73.0
780,16572,USC00511918,2014-07-03,0.02,73.0
781,18487,USC00516128,2014-07-03,1.1,71.0
782,1584,USC00519397,2014-07-02,0.01,80.0
783,4341,USC00513117,2014-07-02,0.02,76.0
784,6683,USC00514830,2014-07-02,0.03,79.0
785,11128,USC00519523,2014-07-02,0.0,82.0
786,13826,USC00519281,2014-07-02,0.05,73.0
787,16571,USC00511918,2014-07-02,0.01,68.0
788,18486,USC00516128,2014-07-02,0.42,71.0
789,1583,USC00519397,2014-07-01,0.0,79.0
790,4340,USC00513117,2014-07-01,0.01,75.0
791,6682,USC00514830,2014-07-01,0.0,76.0
792,11127,USC00519523,2014-07-01,0.0,79.0
793,13825,USC00519281,2014-07-01,0.0,79.0
794,16570,USC00511918,2014-07-01,0.0,70.0
795,18485,USC00516128,2014-07-01,,72.0
796,1248,USC00519397,2013-07-31,0.01,79.0
797,4007,USC00513117,2013-07-31,0.08,76.0
798,6424,USC00514830,2013-07-31,0.05,74.0
799,8237,USC00517948,2013-07-31,,76.0
800,10814,USC00519523,2013-07-31,0.08,78.0
801,13490,USC00519281,2013-07-31,0.4,76.0
802,16242,USC00511918,2013-07-31,0.01,78.0
803,18176,USC00516128,2013-07-31,0.53,72.0
804,1247,USC00519397,2013-07-30,0.74,79.0
805,4006,USC00513117,2013-07-30,0.08,78.0
806,6423,USC00514830,2013-07-30,0.11,78.0
807,8236,USC00517948,2013-07-30,,80.0
808,10813,USC00519523,2013-07-30,0.27,79.0
809,13489,USC00519281,2013-07-30,0.12,76.0
810,16241,USC00511918,2013-07-30,0.5,79.0
811,18175,USC00516128,2013-07-30,,82.0
812,1246,USC00519397,2013-07-29,0.06,78.0
813,4005,USC00513117,2013-07-29,0.16,75.0
814,6422,USC00514830,2013-07-29,,77.0
815,10812,USC00519523,2013-07-29,0.2,77.0
816,13488,USC00519281,2013-07-29,0.23,78.0
817,16240,USC00511918,2013-07-29,0.02,75.0
818,1245,USC00519397,2013-07-28,0.02,76.0
819,4004,USC00513117,2013-07-28,,77.0
820,10811,USC00519523,2013-07-28,,73.0
821,13487,USC00519281,2013-07-28,0.02,75.0
822,16239,USC00511918,2013-07-28,0.02,77.0
823,18174,USC00516128,2013-07-28,0.53,72.0
824,1244,USC00519397,2013-07-27,0.0,78.0
825,6421,USC00514830,2013-07-27,0.0,79.0
826,13486,USC00519281,2013-07-27,0.0,81.0
827,16238,USC00511918,2013-07-27,0.0,78.0
828,18173,USC00516128,2013-07-27,0.07,72.0
829,1243,USC00519397,2013-07-26,0.0,78.0
830,4003,USC00513117,2013-07-26,0.0,75.0
831,6420,USC00514830,2013-07-26,0.0,77.0
832,10810,USC00519523,2013-07-26,0.0,79.0
833,13485,USC00519281,2013-07-26,0.01,72.0
834,16237,USC00511918,2013-07-26,0.0,71.0
835,18172,USC00516128,2013-07-26,0.0,71.0
836,1242,USC00519397,2013-07-25,0.0,78.0
837,4002,USC00513117,2013-07-25,0.0,75.0
838,6419,USC00514830,2013-07-25,0.0,77.0
839,8235,USC00517948,2013-07-25,0.01,80.0
840,10809,USC00519523,2013-07-25,0.0,81.0
841,13484,USC00519281,2013-07-25,0.0,69.0
842,16236,USC00511918,2013-07-25,0.0,67.0
843,18171,USC00516128,2013-07-25,,72.0
844,1241,USC00519397,2013-07-24,,79.0
845,4001,USC00513117,2013-07-24,0.0,76.0
846,6418,USC00514830,2013-07-24,0.0,77.0
847,8234,USC00517948,2013-07-24,0.02,79.0
848,10808,USC00519523,2013-07-24,0.01,77.0
849,13483,USC00519281,2013-07-24,0.0,75.0
850,16235,USC00511918,2013-07-24,0.0,69.0
851,1240,USC00519397,2013-07-23,0.0,77.0
852,4000,USC00513117,2013-07-23,0.83,73.0
853,6417,USC00514830,2013-07-23,0.14,76.0
854,8233,USC00517948,2013-07-23,0.26,80.0
855,10807,USC00519523,2013-07-23,0.2,74.0
856,13482,USC00519281,2013-07-23,0.58,73.0
857,16234,USC00511918,2013-07-23,0.0,75.0
858,18170,USC00516128,2013-07-23,0.63,73.0
859,1239,USC00519397,2013-07-22,0.0,79.0
860,3999,USC00513117,2013-07-22,0.3,74.0
861,6416,USC00514830,2013-07-22,,76.0
862,10806,USC00519523,2013-07-22,0.2,75.0
863,13481,USC00519281,2013-07-22,0.0,72.0
864,16233,USC00511918,2013-07-22,0.0,73.0
865,18169,USC00516128,2013-07-22,,72.0
866,1238,USC00519397,2013-07-21,0.07,78.0
867,3998,USC00513117,2013-07-21,0.01,79.0
868,10805,USC00519523,2013-07-21,0.0,79.0
869,13480,USC00519281,2013-07-21,0.24,78.0
870,16232,USC00511918,2013-07-21,0.0,80.0
871,1237,USC00519397,2013-07-20,0.0,78.0
872,3997,USC00513117,2013-07-20,0.05,75.0
873,6415,USC00514830,2013-07-20,0.08,79.0
874,10804,USC00519523,2013-07-20,0.0,79.0
875,13479,USC00519281,2013-07-20,0.31,78.0
876,1236,USC00519397,2013-07-19,0.0,78.0
877,3996,USC00513117,2013-07-19,0.05,74.0
878,6414,USC00514830,2013-07-19,0.05,78.0
879,10803,USC00519523,2013-07-19,0.0,78.0
880,13478,USC00519281,2013-07-19,0.1,70.0
881,16231,USC00511918,2013-07-19,0.0,81.0
882,1235,USC00519397,2013-07-18,0.0,78.0
883,3995,USC00513117,2013-07-18,0.03,75.0
884,6413,USC00514830,2013-07-18,0.0,76.0
885,8232,USC00517948,2013-07-18,,79.0
886,10802,USC00519523,2013-07-18,0.0,76.0
887,13477,USC00519281,2013-07-18,0.0,74.0
888,16230,USC00511918,2013-07-18,0.0,73.0
889,1234,USC00519397,2013-07-17,0.0,78.0
890,3994,USC00513117,2013-07-17,0.0,77.0
891,6412,USC00514830,2013-07-17,0.0,77.0
892,8231,USC00517948,2013-07-17,0.02,79.0
893,10801,USC00519523,2013-07-17,0.0,77.0
894,13476,USC00519281,2013-07-17,0.0,74.0
895,16229,USC00511918,2013-07-17,0.0,71.0
896,1233,USC00519397,2013-07-16,0.0,78.0
897,3993,USC00513117,2013-07-16,0.0,75.0
898,6411,USC00514830,2013-07-16,0.0,77.0
899,8230,USC00517948,2013-07-16,0.0,78.0
900,10800,USC00519523,2013-07-16,0.0,78.0
901,13475,USC00519281,2013-07-16,0.02,72.0
902,16228,USC00511918,2013-07-16,0.0,71.0
903,18168,USC00516128,2013-07-16,0.26,71.0
904,1232,USC00519397,2013-07-15,0.0,78.0
905,3992,USC00513117,2013-07-15,0.0,73.0
906,6410,USC00514830,2013-07-15,0.0,78.0
907,10799,USC00519523,2013-07-15,0.0,76.0
908,13474,USC00519281,2013-07-15,0.0,72.0
909,16227,USC00511918,2013-07-15,0.0,72.0
910,18167,USC00516128,2013-07-15,0.2,73.0
911,1231,USC00519397,2013-07-14,0.0,78.0
912,3991,USC00513117,2013-07-14,0.0,77.0
913,6409,USC00514830,2013-07-14,0.0,80.0
914,10798,USC00519523,2013-07-14,0.0,81.0
915,13473,USC00519281,2013-07-14,0.0,78.0
916,16226,USC00511918,2013-07-14,0.0,81.0
917,18166,USC00516128,2013-07-14,,72.0
918,1230,USC00519397,2013-07-13,0.0,78.0
919,3990,USC00513117,2013-07-13,0.01,75.0
920,6408,USC00514830,2013-07-13,0.15,78.0
921,10797,USC00519523,2013-07-13,0.0,76.0
922,13472,USC00519281,2013-07-13,0.07,78.0
923,16225,USC00511918,2013-07-13,0.0,75.0
924,1229,USC00519397,2013-07-12,0.01,79.0
925,3989,USC00513117,2013-07-12,0.06,74.0
926,6407,USC00514830,2013-07-12,0.12,76.0
927,8229,USC00517948,2013-07-12,0.04,72.0
928,10796,USC00519523,2013-07-12,0.02,76.0
929,13471,USC00519281,2013-07-12,0.09,72.0
930,16224,USC00511918,2013-07-12,0.0,72.0
931,18165,USC00516128,2013-07-12,0.43,71.0
932,1228,USC00519397,2013-07-11,0.03,77.0
933,3988,USC00513117,2013-07-11,0.05,74.0
934,6406,USC00514830,2013-07-11,0.01,76.0
935,8228,USC00517948,2013-07-11,,76.0
936,10795,USC00519523,2013-07-11,0.06,76.0
937,13470,USC00519281,2013-07-11,0.04,74.0
938,16223,USC00511918,2013-07-11,0.0,76.0
939,18164,USC00516128,2013-07-11,0.26,71.0
940,1227,USC00519397,2013-07-10,0.0,79.0
941,3987,USC00513117,2013-07-10,0.15,75.0
942,6405,USC00514830,2013-07-10,0.12,74.0
943,8227,USC00517948,2013-07-10,,77.0
944,10794,USC00519523,2013-07-10,0.07,77.0
945,13469,USC00519281,2013-07-10,0.12,72.0
946,16222,USC00511918,2013-07-10,0.0,77.0
947,18163,USC00516128,2013-07-10,0.21,70.0
948,1226,USC00519397,2013-07-09,0.0,80.0
949,3986,USC00513117,2013-07-09,0.0,76.0
950,6404,USC00514830,2013-07-09,0.0,79.0
951,8226,USC00517948,2013-07-09,,82.0
952,10793,USC00519523,2013-07-09,0.0,78.0
953,13468,USC00519281,2013-07-09,0.0,75.0
954,16221,USC00511918,2013-07-09,0.0,81.0
955,18162,USC00516128,2013-07-09,0.24,74.0
956,1225,USC00519397,2013-07-08,0.0,79.0
957,3985,USC00513117,2013-07-08,0.03,75.0
958,6403,USC00514830,2013-07-08,,79.0
959,8225,USC00517948,2013-07-08,,78.0
960,10792,USC00519523,2013-07-08,0.02,77.0
961,13467,USC00519281,2013-07-08,0.01,75.0
962,16220,USC00511918,2013-07-08,0.0,70.0
963,18161,USC00516128,2013-07-08,0.01,72.0
964,1224,USC00519397,2013-07-07,0.0,75.0
965,3984,USC00513117,2013-07-07,0.0,78.0
966,10791,USC00519523,2013-07-07,0.0,77.0
967,13466,USC00519281,2013-07-07,0.0,75.0
968,16219,USC00511918,2013-07-07,0.0,75.0
969,18160,USC00516128,2013-07-07,0.0,70.0
970,1223,USC00519397,2013-07-06,0.0,76.0
971,3983,USC00513117,2013-07-06,0.0,72.0
972,6402,USC00514830,2013-07-06,0.0,79.0
973,10790,USC00519523,2013-07-06,0.0,73.0
974,13465,USC00519281,2013-07-06,0.01,77.0
975,16218,USC00511918,2013-07-06,0.0,79.0
976,18159,USC00516128,2013-07-06,0.0,73.0
977,1222,USC00519397,2013-07-05,0.0,73.0
978,3982,USC00513117,2013-07-05,0.0,69.0
979,6401,USC00514830,2013-07-05,0.0,75.0
980,8224,USC00517948,2013-07-05,,76.0
981,10789,USC00519523,2013-07-05,0.0,71.0
982,13464,USC00519281,2013-07-05,0.0,66.0
983,16217,USC00511918,2013-07-05,0.0,76.0
984,18158,USC00516128,2013-07-05,0.0,67.0
985,1221,USC00519397,2013-07-04,0.0,78.0
986,3981,USC00513117,2013-07-04,0.01,75.0
987,6400,USC00514830,2013-07-04,0.0,79.0
988,10788,USC00519523,2013-07-04,0.0,78.0
989,13463,USC00519281,2013-07-04,0.12,76.0
990,16216,USC00511918,2013-07-04,0.0,78.0
991,18157,USC00516128,2013-07-04,0.22,73.0
992,1220,USC00519397,2013-07-03,0.03,77.0
993,3980,USC00513117,2013-07-03,0.18,72.0
994,6399,USC00514830,2013-07-03,0.03,75.0
995,8223,USC00517948,2013-07-03,0.08,77.0
996,10787,USC00519523,2013-07-03,0.0,76.0
997,13462,USC00519281,2013-07-03,0.38,69.0
998,16215,USC00511918,2013-07-03,0.04,69.0
999,18156,USC00516128,2013-07-03,0.51,72.0
1000,1219,USC00519397,2013-07-02,0.0,77.0
1001,3979,USC00513117,2013-07-02,0.02,75.0
1002,6398,USC00514830,2013-07-02,0.14,75.0
1003,8222,USC00517948,2013-07-02,0.04,75.0
1004,10786,USC00519523,2013-07-02,0.16,73.0
1005,13461,USC00519281,2013-07-02,0.09,71.0
1006,16214,USC00511918,2013-07-02,0.0,72.0
1007,18155,USC00516128,2013-07-02,0.43,69.0
1008,1218,USC00519397,2013-07-01,0.0,78.0
1009,6397,USC00514830,2013-07-01,0.0,76.0
1010,8221,USC00517948,2013-07-01,0.03,76.0
1011,10785,USC00519523,2013-07-01,0.0,75.0
1012,13460,USC00519281,2013-07-01,0.0,72.0
1013,16213,USC00511918,2013-07-01,0.0,68.0
1014,18154,USC00516128,2013-07-01,0.0,73.0
1015,884,USC00519397,2012-07-31,0.0,78.0
1016,3647,USC00513117,2012-07-31,0.03,73.0
1017,6147,USC00514830,2012-07-31,0.1,76.0
1018,8104,USC00517948,2012-07-31,,78.0
1019,9411,USC00518838,2012-07-31,0.02,76.0
1020,10455,USC00519523,2012-07-31,0.0,77.0
1021,13125,USC00519281,2012-07-31,0.09,74.0
1022,15881,USC00511918,2012-07-31,0.0,76.0
1023,17842,USC00516128,2012-07-31,0.59,73.0
1024,883,USC00519397,2012-07-30,0.01,78.0
1025,3646,USC00513117,2012-07-30,0.08,74.0
1026,6146,USC00514830,2012-07-30,0.0,77.0
1027,8103,USC00517948,2012-07-30,,76.0
1028,9410,USC00518838,2012-07-30,,77.0
1029,10454,USC00519523,2012-07-30,0.02,76.0
1030,13124,USC00519281,2012-07-30,0.12,73.0
1031,15880,USC00511918,2012-07-30,0.0,80.0
1032,17841,USC00516128,2012-07-30,0.36,72.0
1033,882,USC00519397,2012-07-29,0.01,73.0
1034,3645,USC00513117,2012-07-29,0.09,74.0
1035,6145,USC00514830,2012-07-29,0.1,77.0
1036,10453,USC00519523,2012-07-29,0.0,75.0
1037,13123,USC00519281,2012-07-29,0.24,72.0
1038,15879,USC00511918,2012-07-29,0.03,74.0
1039,17840,USC00516128,2012-07-29,2.87,69.0
1040,881,USC00519397,2012-07-28,0.0,77.0
1041,3644,USC00513117,2012-07-28,0.43,75.0
1042,6144,USC00514830,2012-07-28,0.21,79.0
1043,10452,USC00519523,2012-07-28,0.05,79.0
1044,13122,USC00519281,2012-07-28,0.42,73.0
1045,15878,USC00511918,2012-07-28,0.0,76.0
1046,17839,USC00516128,2012-07-28,0.5,70.0
1047,880,USC00519397,2012-07-27,0.0,77.0
1048,3643,USC00513117,2012-07-27,0.0,73.0
1049,6143,USC00514830,2012-07-27,0.11,77.0
1050,10451,USC00519523,2012-07-27,0.0,75.0
1051,13121,USC00519281,2012-07-27,0.0,71.0
1052,15877,USC00511918,2012-07-27,0.0,80.0
1053,17838,USC00516128,2012-07-27,0.23,69.0
1054,879,USC00519397,2012-07-26,0.02,77.0
1055,3642,USC00513117,2012-07-26,0.01,73.0
1056,6142,USC00514830,2012-07-26,0.01,77.0
1057,10450,USC00519523,2012-07-26,0.0,76.0
1058,13120,USC00519281,2012-07-26,0.0,72.0
1059,15876,USC00511918,2012-07-26,0.0,86.0
1060,17837,USC00516128,2012-07-26,0.0,72.0
1061,878,USC00519397,2012-07-25,0.0,77.0
1062,3641,USC00513117,2012-07-25,0.01,74.0
1063,6141,USC00514830,2012-07-25,0.0,79.0
1064,9409,USC00518838,2012-07-25,0.2,77.0
1065,10449,USC00519523,2012-07-25,0.0,76.0
1066,13119,USC00519281,2012-07-25,0.04,73.0
1067,15875,USC00511918,2012-07-25,0.0,84.0
1068,17836,USC00516128,2012-07-25,0.18,72.0
1069,877,USC00519397,2012-07-24,0.0,77.0
1070,3640,USC00513117,2012-07-24,0.0,74.0
1071,6140,USC00514830,2012-07-24,0.0,76.0
1072,8102,USC00517948,2012-07-24,0.0,77.0
1073,9408,USC00518838,2012-07-24,0.22,75.0
1074,10448,USC00519523,2012-07-24,0.0,76.0
1075,13118,USC00519281,2012-07-24,0.01,73.0
1076,15874,USC00511918,2012-07-24,0.0,81.0
1077,17835,USC00516128,2012-07-24,0.0,74.0
1078,876,USC00519397,2012-07-23,0.0,79.0
1079,3639,USC00513117,2012-07-23,0.03,74.0
1080,6139,USC00514830,2012-07-23,0.01,77.0
1081,8101,USC00517948,2012-07-23,0.0,78.0
1082,9407,USC00518838,2012-07-23,0.03,79.0
1083,10447,USC00519523,2012-07-23,0.03,76.0
1084,13117,USC00519281,2012-07-23,0.18,72.0
1085,15873,USC00511918,2012-07-23,0.0,78.0
1086,17834,USC00516128,2012-07-23,0.29,73.0
1087,875,USC00519397,2012-07-22,0.0,76.0
1088,3638,USC00513117,2012-07-22,0.0,74.0
1089,6138,USC00514830,2012-07-22,0.0,79.0
1090,9406,USC00518838,2012-07-22,0.4,78.0
1091,10446,USC00519523,2012-07-22,0.0,79.0
1092,13116,USC00519281,2012-07-22,0.03,75.0
1093,15872,USC00511918,2012-07-22,0.04,69.0
1094,17833,USC00516128,2012-07-22,0.04,69.0
1095,874,USC00519397,2012-07-21,0.0,76.0
1096,3637,USC00513117,2012-07-21,0.04,75.0
1097,6137,USC00514830,2012-07-21,0.12,79.0
1098,10445,USC00519523,2012-07-21,0.0,80.0
1099,13115,USC00519281,2012-07-21,0.23,69.0
1100,15871,USC00511918,2012-07-21,0.15,76.0
1101,17832,USC00516128,2012-07-21,0.03,74.0
1102,873,USC00519397,2012-07-20,0.0,77.0
1103,3636,USC00513117,2012-07-20,0.8,70.0
1104,6136,USC00514830,2012-07-20,0.05,73.0
1105,8100,USC00517948,2012-07-20,0.0,75.0
1106,9405,USC00518838,2012-07-20,0.05,72.0
1107,10444,USC00519523,2012-07-20,0.05,74.0
1108,13114,USC00519281,2012-07-20,0.08,69.0
1109,15870,USC00511918,2012-07-20,0.0,77.0
1110,17831,USC00516128,2012-07-20,0.13,71.0
1111,872,USC00519397,2012-07-19,0.0,75.0
1112,3635,USC00513117,2012-07-19,0.12,73.0
1113,6135,USC00514830,2012-07-19,0.16,76.0
1114,8099,USC00517948,2012-07-19,,78.0
1115,10443,USC00519523,2012-07-19,0.07,74.0
1116,13113,USC00519281,2012-07-19,0.13,72.0
1117,15869,USC00511918,2012-07-19,0.0,79.0
1118,17830,USC00516128,2012-07-19,0.34,68.0
1119,871,USC00519397,2012-07-18,0.0,78.0
1120,3634,USC00513117,2012-07-18,0.03,74.0
1121,6134,USC00514830,2012-07-18,0.05,77.0
1122,8098,USC00517948,2012-07-18,,72.0
1123,10442,USC00519523,2012-07-18,0.02,77.0
1124,13112,USC00519281,2012-07-18,0.12,73.0
1125,15868,USC00511918,2012-07-18,0.0,81.0
1126,17829,USC00516128,2012-07-18,1.0,72.0
1127,870,USC00519397,2012-07-17,0.0,78.0
1128,3633,USC00513117,2012-07-17,0.11,73.0
1129,6133,USC00514830,2012-07-17,0.1,77.0
1130,8097,USC00517948,2012-07-17,0.0,77.0
1131,10441,USC00519523,2012-07-17,0.02,78.0
1132,13111,USC00519281,2012-07-17,0.21,72.0
1133,15867,USC00511918,2012-07-17,0.0,74.0
1134,17828,USC00516128,2012-07-17,0.71,75.0
1135,869,USC00519397,2012-07-16,0.01,78.0
1136,3632,USC00513117,2012-07-16,0.08,73.0
1137,6132,USC00514830,2012-07-16,0.17,76.0
1138,8096,USC00517948,2012-07-16,,78.0
1139,10440,USC00519523,2012-07-16,0.01,76.0
1140,13110,USC00519281,2012-07-16,0.13,72.0
1141,15866,USC00511918,2012-07-16,0.03,73.0
1142,17827,USC00516128,2012-07-16,0.83,72.0
1143,868,USC00519397,2012-07-15,0.0,77.0
1144,3631,USC00513117,2012-07-15,0.0,75.0
1145,6131,USC00514830,2012-07-15,0.13,72.0
1146,10439,USC00519523,2012-07-15,0.0,80.0
1147,13109,USC00519281,2012-07-15,0.02,80.0
1148,15865,USC00511918,2012-07-15,0.0,81.0
1149,17826,USC00516128,2012-07-15,0.06,72.0
1150,867,USC00519397,2012-07-14,0.0,78.0
1151,3630,USC00513117,2012-07-14,0.08,75.0
1152,6130,USC00514830,2012-07-14,0.03,79.0
1153,10438,USC00519523,2012-07-14,0.02,82.0
1154,13108,USC00519281,2012-07-14,0.14,73.0
1155,15864,USC00511918,2012-07-14,0.0,81.0
1156,17825,USC00516128,2012-07-14,0.29,74.0
1157,866,USC00519397,2012-07-13,0.0,77.0
1158,3629,USC00513117,2012-07-13,0.18,73.0
1159,6129,USC00514830,2012-07-13,0.12,77.0
1160,8095,USC00517948,2012-07-13,0.0,77.0
1161,10437,USC00519523,2012-07-13,0.0,78.0
1162,13107,USC00519281,2012-07-13,0.23,72.0
1163,15863,USC00511918,2012-07-13,0.0,75.0
1164,17824,USC00516128,2012-07-13,0.52,72.0
1165,865,USC00519397,2012-07-12,0.0,76.0
1166,3628,USC00513117,2012-07-12,0.0,73.0
1167,6128,USC00514830,2012-07-12,0.02,71.0
1168,8094,USC00517948,2012-07-12,0.0,74.0
1169,10436,USC00519523,2012-07-12,0.0,74.0
1170,13106,USC00519281,2012-07-12,0.0,72.0
1171,15862,USC00511918,2012-07-12,0.0,71.0
1172,17823,USC00516128,2012-07-12,0.0,70.0
1173,864,USC00519397,2012-07-11,0.0,76.0
1174,3627,USC00513117,2012-07-11,0.02,73.0
1175,6127,USC00514830,2012-07-11,0.0,76.0
1176,8093,USC00517948,2012-07-11,0.0,76.0
1177,10435,USC00519523,2012-07-11,0.0,75.0
1178,13105,USC00519281,2012-07-11,0.01,71.0
1179,15861,USC00511918,2012-07-11,0.0,77.0
1180,17822,USC00516128,2012-07-11,0.39,70.0
1181,863,USC00519397,2012-07-10,0.0,76.0
1182,3626,USC00513117,2012-07-10,0.01,73.0
1183,6126,USC00514830,2012-07-10,0.03,74.0
1184,10434,USC00519523,2012-07-10,0.0,79.0
1185,13104,USC00519281,2012-07-10,0.01,71.0
1186,15860,USC00511918,2012-07-10,0.0,72.0
1187,17821,USC00516128,2012-07-10,0.12,70.0
1188,862,USC00519397,2012-07-09,,77.0
1189,3625,USC00513117,2012-07-09,0.0,73.0
1190,6125,USC00514830,2012-07-09,0.01,77.0
1191,10433,USC00519523,2012-07-09,0.0,75.0
1192,13103,USC00519281,2012-07-09,0.0,73.0
1193,15859,USC00511918,2012-07-09,0.0,73.0
1194,17820,USC00516128,2012-07-09,0.01,71.0
1195,861,USC00519397,2012-07-08,0.0,77.0
1196,3624,USC00513117,2012-07-08,0.01,73.0
1197,6124,USC00514830,2012-07-08,0.0,78.0
1198,10432,USC00519523,2012-07-08,0.01,81.0
1199,13102,USC00519281,2012-07-08,0.0,77.0
1200,15858,USC00511918,2012-07-08,0.0,79.0
1201,17819,USC00516128,2012-07-08,0.05,72.0
1202,860,USC00519397,2012-07-07,0.04,76.0
1203,3623,USC00513117,2012-07-07,0.06,74.0
1204,6123,USC00514830,2012-07-07,0.1,77.0
1205,10431,USC00519523,2012-07-07,0.07,76.0
1206,13101,USC00519281,2012-07-07,0.21,74.0
1207,17818,USC00516128,2012-07-07,0.86,70.0
1208,859,USC00519397,2012-07-06,0.0,78.0
1209,3622,USC00513117,2012-07-06,0.11,73.0
1210,6122,USC00514830,2012-07-06,0.04,75.0
1211,10430,USC00519523,2012-07-06,0.07,79.0
1212,13100,USC00519281,2012-07-06,0.14,76.0
1213,15857,USC00511918,2012-07-06,0.0,74.0
1214,17817,USC00516128,2012-07-06,1.08,70.0
1215,858,USC00519397,2012-07-05,0.03,77.0
1216,3621,USC00513117,2012-07-05,0.04,72.0
1217,6121,USC00514830,2012-07-05,0.11,76.0
1218,10429,USC00519523,2012-07-05,0.13,77.0
1219,13099,USC00519281,2012-07-05,0.18,76.0
1220,15856,USC00511918,2012-07-05,0.01,74.0
1221,17816,USC00516128,2012-07-05,0.98,71.0
1222,857,USC00519397,2012-07-04,0.01,77.0
1223,3620,USC00513117,2012-07-04,0.13,71.0
1224,6120,USC00514830,2012-07-04,0.19,75.0
1225,10428,USC00519523,2012-07-04,0.0,75.0
1226,13098,USC00519281,2012-07-04,0.3,74.0
1227,15855,USC00511918,2012-07-04,0.2,79.0
1228,17815,USC00516128,2012-07-04,0.85,70.0
1229,856,USC00519397,2012-07-03,0.04,74.0
1230,3619,USC00513117,2012-07-03,0.13,72.0
1231,6119,USC00514830,2012-07-03,0.05,75.0
1232,8092,USC00517948,2012-07-03,,72.0
1233,10427,USC00519523,2012-07-03,0.2,76.0
1234,13097,USC00519281,2012-07-03,0.55,71.0
1235,15854,USC00511918,2012-07-03,0.0,73.0
1236,17814,USC00516128,2012-07-03,1.04,68.0
1237,855,USC00519397,2012-07-02,0.0,77.0
1238,3618,USC00513117,2012-07-02,0.05,71.0
1239,6118,USC00514830,2012-07-02,0.0,76.0
1240,8091,USC00517948,2012-07-02,,76.0
1241,9404,USC00518838,2012-07-02,,75.0
1242,10426,USC00519523,2012-07-02,0.0,76.0
1243,13096,USC00519281,2012-07-02,0.23,73.0
1244,15853,USC00511918,2012-07-02,0.0,73.0
1245,17813,USC00516128,2012-07-02,0.05,75.0
1246,854,USC00519397,2012-07-01,0.0,76.0
1247,3617,USC00513117,2012-07-01,0.07,72.0
1248,6117,USC00514830,2012-07-01,0.02,78.0
1249,10425,USC00519523,2012-07-01,0.0,78.0
1250,13095,USC00519281,2012-07-01,0.14,77.0
1251,15852,USC00511918,2012-07-01,0.0,77.0
1252,17812,USC00516128,2012-07-01,,68.0
1253,526,USC00519397,2011-07-31,0.0,77.0
1254,3298,USC00513117,2011-07-31,0.0,76.0
1255,10090,USC00519523,2011-07-31,0.01,78.0
1256,12759,USC00519281,2011-07-31,0.0,76.0
1257,15520,USC00511918,2011-07-31,0.0,79.0
1258,17492,USC00516128,2011-07-31,,73.0
1259,525,USC00519397,2011-07-30,0.12,80.0
1260,3297,USC00513117,2011-07-30,0.61,75.0
1261,5894,USC00514830,2011-07-30,0.39,76.0
1262,10089,USC00519523,2011-07-30,0.2,76.0
1263,12758,USC00519281,2011-07-30,0.85,77.0
1264,15519,USC00511918,2011-07-30,0.14,77.0
1265,524,USC00519397,2011-07-29,0.04,78.0
1266,3296,USC00513117,2011-07-29,0.15,74.0
1267,5893,USC00514830,2011-07-29,0.04,75.0
1268,10088,USC00519523,2011-07-29,0.02,77.0
1269,12757,USC00519281,2011-07-29,0.07,72.0
1270,15518,USC00511918,2011-07-29,0.07,70.0
1271,17491,USC00516128,2011-07-29,0.7,71.0
1272,523,USC00519397,2011-07-28,0.09,77.0
1273,3295,USC00513117,2011-07-28,0.03,75.0
1274,5892,USC00514830,2011-07-28,0.0,74.0
1275,7897,USC00517948,2011-07-28,0.0,75.0
1276,10087,USC00519523,2011-07-28,0.04,76.0
1277,12756,USC00519281,2011-07-28,0.09,73.0
1278,15517,USC00511918,2011-07-28,0.01,76.0
1279,17490,USC00516128,2011-07-28,0.02,73.0
1280,522,USC00519397,2011-07-27,0.04,77.0
1281,3294,USC00513117,2011-07-27,0.04,75.0
1282,5891,USC00514830,2011-07-27,0.13,74.0
1283,7896,USC00517948,2011-07-27,0.02,77.0
1284,10086,USC00519523,2011-07-27,0.06,75.0
1285,12755,USC00519281,2011-07-27,0.25,73.0
1286,15516,USC00511918,2011-07-27,0.31,75.0
1287,17489,USC00516128,2011-07-27,2.12,75.0
1288,521,USC00519397,2011-07-26,0.0,78.0
1289,3293,USC00513117,2011-07-26,0.01,74.0
1290,5890,USC00514830,2011-07-26,0.01,73.0
1291,7895,USC00517948,2011-07-26,0.0,77.0
1292,10085,USC00519523,2011-07-26,0.0,76.0
1293,12754,USC00519281,2011-07-26,0.02,73.0
1294,15515,USC00511918,2011-07-26,0.0,80.0
1295,17488,USC00516128,2011-07-26,0.35,74.0
1296,520,USC00519397,2011-07-25,0.0,78.0
1297,3292,USC00513117,2011-07-25,0.22,74.0
1298,5889,USC00514830,2011-07-25,,75.0
1299,10084,USC00519523,2011-07-25,0.12,76.0
1300,12753,USC00519281,2011-07-25,0.24,69.0
1301,15514,USC00511918,2011-07-25,0.0,79.0
1302,17487,USC00516128,2011-07-25,0.23,74.0
1303,519,USC00519397,2011-07-24,0.0,77.0
1304,3291,USC00513117,2011-07-24,0.1,70.0
1305,7894,USC00517948,2011-07-24,,77.0
1306,10083,USC00519523,2011-07-24,0.0,74.0
1307,12752,USC00519281,2011-07-24,0.02,77.0
1308,15513,USC00511918,2011-07-24,0.0,78.0
1309,17486,USC00516128,2011-07-24,0.3,72.0
1310,518,USC00519397,2011-07-23,0.0,78.0
1311,3290,USC00513117,2011-07-23,0.0,75.0
1312,10082,USC00519523,2011-07-23,0.08,77.0
1313,12751,USC00519281,2011-07-23,0.01,79.0
1314,15512,USC00511918,2011-07-23,0.0,77.0
1315,17485,USC00516128,2011-07-23,0.11,71.0
1316,3289,USC00513117,2011-07-22,0.08,74.0
1317,5888,USC00514830,2011-07-22,0.07,75.0
1318,10081,USC00519523,2011-07-22,0.09,75.0
1319,12750,USC00519281,2011-07-22,0.12,74.0
1320,15511,USC00511918,2011-07-22,0.01,74.0
1321,17484,USC00516128,2011-07-22,1.34,70.0
1322,517,USC00519397,2011-07-21,0.03,77.0
1323,3288,USC00513117,2011-07-21,0.04,75.0
1324,5887,USC00514830,2011-07-21,0.0,76.0
1325,10080,USC00519523,2011-07-21,0.0,77.0
1326,12749,USC00519281,2011-07-21,0.28,73.0
1327,15510,USC00511918,2011-07-21,0.0,75.0
1328,17483,USC00516128,2011-07-21,0.0,73.0
1329,516,USC00519397,2011-07-20,0.0,76.0
1330,3287,USC00513117,2011-07-20,0.1,71.0
1331,5886,USC00514830,2011-07-20,0.1,74.0
1332,10079,USC00519523,2011-07-20,0.16,71.0
1333,12748,USC00519281,2011-07-20,0.06,71.0
1334,15509,USC00511918,2011-07-20,0.0,72.0
1335,17482,USC00516128,2011-07-20,0.72,69.0
1336,515,USC00519397,2011-07-19,0.0,78.0
1337,3286,USC00513117,2011-07-19,0.0,74.0
1338,5885,USC00514830,2011-07-19,0.01,75.0
1339,7893,USC00517948,2011-07-19,,77.0
1340,10078,USC00519523,2011-07-19,0.0,75.0
1341,12747,USC00519281,2011-07-19,0.0,73.0
1342,15508,USC00511918,2011-07-19,0.0,73.0
1343,17481,USC00516128,2011-07-19,0.1,76.0
1344,514,USC00519397,2011-07-18,0.0,78.0
1345,3285,USC00513117,2011-07-18,0.04,74.0
1346,5884,USC00514830,2011-07-18,,76.0
1347,7892,USC00517948,2011-07-18,,77.0
1348,10077,USC00519523,2011-07-18,0.0,75.0
1349,12746,USC00519281,2011-07-18,0.04,73.0
1350,15507,USC00511918,2011-07-18,0.0,75.0
1351,17480,USC00516128,2011-07-18,0.18,72.0
1352,513,USC00519397,2011-07-17,0.04,77.0
1353,3284,USC00513117,2011-07-17,0.15,75.0
1354,10076,USC00519523,2011-07-17,0.06,78.0
1355,12745,USC00519281,2011-07-17,0.17,77.0
1356,15506,USC00511918,2011-07-17,0.02,79.0
1357,17479,USC00516128,2011-07-17,0.66,74.0
1358,512,USC00519397,2011-07-16,0.0,78.0
1359,3283,USC00513117,2011-07-16,0.0,75.0
1360,5883,USC00514830,2011-07-16,0.02,77.0
1361,10075,USC00519523,2011-07-16,0.0,77.0
1362,12744,USC00519281,2011-07-16,0.05,75.0
1363,15505,USC00511918,2011-07-16,0.0,78.0
1364,17478,USC00516128,2011-07-16,0.3,74.0
1365,511,USC00519397,2011-07-15,0.0,79.0
1366,3282,USC00513117,2011-07-15,0.0,75.0
1367,5882,USC00514830,2011-07-15,0.13,76.0
1368,7891,USC00517948,2011-07-15,,78.0
1369,10074,USC00519523,2011-07-15,0.0,76.0
1370,12743,USC00519281,2011-07-15,0.22,72.0
1371,15504,USC00511918,2011-07-15,0.0,76.0
1372,17477,USC00516128,2011-07-15,0.4,70.0
1373,510,USC00519397,2011-07-14,0.0,77.0
1374,3281,USC00513117,2011-07-14,0.06,73.0
1375,5881,USC00514830,2011-07-14,0.01,74.0
1376,7890,USC00517948,2011-07-14,,61.0
1377,10073,USC00519523,2011-07-14,0.0,76.0
1378,12742,USC00519281,2011-07-14,0.06,72.0
1379,15503,USC00511918,2011-07-14,0.0,67.0
1380,17476,USC00516128,2011-07-14,0.27,71.0
1381,509,USC00519397,2011-07-13,0.15,73.0
1382,3280,USC00513117,2011-07-13,0.0,74.0
1383,5880,USC00514830,2011-07-13,0.03,75.0
1384,7889,USC00517948,2011-07-13,,75.0
1385,10072,USC00519523,2011-07-13,0.0,74.0
1386,12741,USC00519281,2011-07-13,0.01,73.0
1387,15502,USC00511918,2011-07-13,0.0,72.0
1388,17475,USC00516128,2011-07-13,,71.0
1389,508,USC00519397,2011-07-12,0.0,77.0
1390,3279,USC00513117,2011-07-12,0.0,74.0
1391,5879,USC00514830,2011-07-12,,75.0
1392,7888,USC00517948,2011-07-12,,75.0
1393,10071,USC00519523,2011-07-12,0.0,76.0
1394,12740,USC00519281,2011-07-12,0.01,72.0
1395,15501,USC00511918,2011-07-12,0.0,67.0
1396,507,USC00519397,2011-07-11,0.0,78.0
1397,3278,USC00513117,2011-07-11,0.01,74.0
1398,7887,USC00517948,2011-07-11,,75.0
1399,10070,USC00519523,2011-07-11,0.01,76.0
1400,12739,USC00519281,2011-07-11,0.08,71.0
1401,15500,USC00511918,2011-07-11,0.0,71.0
1402,17474,USC00516128,2011-07-11,0.12,70.0
1403,506,USC00519397,2011-07-10,0.02,77.0
1404,3277,USC00513117,2011-07-10,0.02,76.0
1405,5878,USC00514830,2011-07-10,0.02,76.0
1406,10069,USC00519523,2011-07-10,0.01,77.0
1407,12738,USC00519281,2011-07-10,0.04,77.0
1408,15499,USC00511918,2011-07-10,0.02,79.0
1409,17473,USC00516128,2011-07-10,,71.0
1410,505,USC00519397,2011-07-09,0.03,77.0
1411,3276,USC00513117,2011-07-09,0.05,75.0
1412,5877,USC00514830,2011-07-09,0.07,74.0
1413,10068,USC00519523,2011-07-09,0.01,79.0
1414,12737,USC00519281,2011-07-09,0.05,79.0
1415,15498,USC00511918,2011-07-09,0.0,76.0
1416,504,USC00519397,2011-07-08,0.0,77.0
1417,3275,USC00513117,2011-07-08,0.1,75.0
1418,5876,USC00514830,2011-07-08,0.15,74.0
1419,7886,USC00517948,2011-07-08,,77.0
1420,10067,USC00519523,2011-07-08,0.04,75.0
1421,12736,USC00519281,2011-07-08,0.09,74.0
1422,15497,USC00511918,2011-07-08,0.0,75.0
1423,17472,USC00516128,2011-07-08,,71.0
1424,503,USC00519397,2011-07-07,0.01,76.0
1425,3274,USC00513117,2011-07-07,0.07,73.0
1426,5875,USC00514830,2011-07-07,0.06,73.0
1427,7885,USC00517948,2011-07-07,,75.0
1428,9340,USC00518838,2011-07-07,0.74,73.0
1429,10066,USC00519523,2011-07-07,0.06,73.0
1430,12735,USC00519281,2011-07-07,0.15,72.0
1431,15496,USC00511918,2011-07-07,0.03,71.0
1432,502,USC00519397,2011-07-06,0.01,76.0
1433,3273,USC00513117,2011-07-06,0.02,76.0
1434,5874,USC00514830,2011-07-06,0.0,73.0
1435,7884,USC00517948,2011-07-06,,71.0
1436,9339,USC00518838,2011-07-06,0.05,72.0
1437,10065,USC00519523,2011-07-06,0.08,79.0
1438,12734,USC00519281,2011-07-06,0.03,73.0
1439,15495,USC00511918,2011-07-06,0.0,74.0
1440,17471,USC00516128,2011-07-06,0.15,69.0
1441,501,USC00519397,2011-07-05,0.01,78.0
1442,3272,USC00513117,2011-07-05,0.03,74.0
1443,5873,USC00514830,2011-07-05,0.14,73.0
1444,10064,USC00519523,2011-07-05,0.04,75.0
1445,12733,USC00519281,2011-07-05,0.06,77.0
1446,15494,USC00511918,2011-07-05,0.0,70.0
1447,17470,USC00516128,2011-07-05,0.24,71.0
1448,500,USC00519397,2011-07-04,0.0,78.0
1449,3271,USC00513117,2011-07-04,0.0,74.0
1450,5872,USC00514830,2011-07-04,0.02,76.0
1451,10063,USC00519523,2011-07-04,0.06,76.0
1452,12732,USC00519281,2011-07-04,0.02,76.0
1453,15493,USC00511918,2011-07-04,0.0,77.0
1454,17469,USC00516128,2011-07-04,0.17,70.0
1455,499,USC00519397,2011-07-03,0.0,78.0
1456,3270,USC00513117,2011-07-03,0.04,76.0
1457,5871,USC00514830,2011-07-03,,77.0
1458,10062,USC00519523,2011-07-03,0.12,76.0
1459,12731,USC00519281,2011-07-03,0.0,76.0
1460,15492,USC00511918,2011-07-03,0.0,77.0
1461,17468,USC00516128,2011-07-03,0.31,71.0
1462,498,USC00519397,2011-07-02,0.02,78.0
1463,3269,USC00513117,2011-07-02,0.0,75.0
1464,10061,USC00519523,2011-07-02,0.01,76.0
1465,12730,USC00519281,2011-07-02,0.02,75.0
1466,15491,USC00511918,2011-07-02,0.02,79.0
1467,17467,USC00516128,2011-07-02,0.1,73.0
1468,497,USC00519397,2011-07-01,0.05,77.0
1469,3268,USC00513117,2011-07-01,0.09,74.0
1470,5870,USC00514830,2011-07-01,0.01,74.0
1471,7883,USC00517948,2011-07-01,0.0,75.0
1472,10060,USC00519523,2011-07-01,0.01,81.0
1473,12729,USC00519281,2011-07-01,0.02,72.0
1474,15490,USC00511918,2011-07-01,0.0,68.0
1475,17466,USC00516128,2011-07-01,0.15,70.0
1476,190,USC00519397,2010-07-31,0.02,77.0
1477,2934,USC00513117,2010-07-31,0.02,77.0
1478,5574,USC00514830,2010-07-31,0.01,73.0
1479,9727,USC00519523,2010-07-31,0.09,76.0
1480,12399,USC00519281,2010-07-31,0.04,77.0
1481,15161,USC00511918,2010-07-31,0.0,78.0
1482,17135,USC00516128,2010-07-31,0.05,73.0
1483,189,USC00519397,2010-07-30,0.0,78.0
1484,2933,USC00513117,2010-07-30,0.01,76.0
1485,5573,USC00514830,2010-07-30,0.06,75.0
1486,9726,USC00519523,2010-07-30,0.0,73.0
1487,12398,USC00519281,2010-07-30,0.0,74.0
1488,15160,USC00511918,2010-07-30,0.0,80.0
1489,17134,USC00516128,2010-07-30,0.29,69.0
1490,188,USC00519397,2010-07-29,0.0,79.0
1491,2932,USC00513117,2010-07-29,0.02,75.0
1492,5572,USC00514830,2010-07-29,0.0,76.0
1493,9725,USC00519523,2010-07-29,0.0,77.0
1494,12397,USC00519281,2010-07-29,0.02,72.0
1495,15159,USC00511918,2010-07-29,0.0,77.0
1496,17133,USC00516128,2010-07-29,0.38,72.0
1497,187,USC00519397,2010-07-28,0.0,78.0
1498,2931,USC00513117,2010-07-28,0.46,75.0
1499,5571,USC00514830,2010-07-28,0.03,74.0
1500,9148,USC00518838,2010-07-28,0.01,80.0
1501,9724,USC00519523,2010-07-28,0.0,76.0
1502,12396,USC00519281,2010-07-28,0.16,71.0
1503,15158,USC00511918,2010-07-28,0.0,69.0
1504,17132,USC00516128,2010-07-28,0.02,71.0
1505,186,USC00519397,2010-07-27,0.0,79.0
1506,2930,USC00513117,2010-07-27,0.03,72.0
1507,5570,USC00514830,2010-07-27,0.43,69.0
1508,9147,USC00518838,2010-07-27,,78.0
1509,9723,USC00519523,2010-07-27,0.0,81.0
1510,12395,USC00519281,2010-07-27,0.01,69.0
1511,15157,USC00511918,2010-07-27,0.0,68.0
1512,17131,USC00516128,2010-07-27,0.1,70.0
1513,185,USC00519397,2010-07-26,0.0,78.0
1514,2929,USC00513117,2010-07-26,0.0,76.0
1515,5569,USC00514830,2010-07-26,0.0,75.0
1516,9722,USC00519523,2010-07-26,0.0,76.0
1517,12394,USC00519281,2010-07-26,0.0,72.0
1518,15156,USC00511918,2010-07-26,0.0,71.0
1519,17130,USC00516128,2010-07-26,0.0,73.0
1520,184,USC00519397,2010-07-25,0.0,79.0
1521,2928,USC00513117,2010-07-25,0.0,77.0
1522,9721,USC00519523,2010-07-25,0.0,77.0
1523,12393,USC00519281,2010-07-25,0.0,74.0
1524,15155,USC00511918,2010-07-25,0.0,79.0
1525,17129,USC00516128,2010-07-25,0.0,74.0
1526,183,USC00519397,2010-07-24,0.0,80.0
1527,2927,USC00513117,2010-07-24,0.0,77.0
1528,9720,USC00519523,2010-07-24,0.0,77.0
1529,12392,USC00519281,2010-07-24,0.35,74.0
1530,15154,USC00511918,2010-07-24,0.0,80.0
1531,17128,USC00516128,2010-07-24,0.04,73.0
1532,2926,USC00513117,2010-07-23,0.09,73.0
1533,5568,USC00514830,2010-07-23,0.07,70.0
1534,7688,USC00517948,2010-07-23,0.0,76.0
1535,9719,USC00519523,2010-07-23,0.0,73.0
1536,12391,USC00519281,2010-07-23,0.07,72.0
1537,15153,USC00511918,2010-07-23,0.0,72.0
1538,17127,USC00516128,2010-07-23,1.0,71.0
1539,182,USC00519397,2010-07-22,0.0,78.0
1540,2925,USC00513117,2010-07-22,0.15,76.0
1541,5567,USC00514830,2010-07-22,0.11,75.0
1542,7687,USC00517948,2010-07-22,0.0,77.0
1543,9718,USC00519523,2010-07-22,0.0,76.0
1544,12390,USC00519281,2010-07-22,0.19,74.0
1545,15152,USC00511918,2010-07-22,0.0,80.0
1546,17126,USC00516128,2010-07-22,0.07,72.0
1547,181,USC00519397,2010-07-21,0.0,80.0
1548,2924,USC00513117,2010-07-21,0.0,74.0
1549,5566,USC00514830,2010-07-21,0.0,75.0
1550,7686,USC00517948,2010-07-21,0.0,78.0
1551,9717,USC00519523,2010-07-21,0.06,74.0
1552,12389,USC00519281,2010-07-21,0.0,72.0
1553,15151,USC00511918,2010-07-21,0.0,79.0
1554,17125,USC00516128,2010-07-21,0.05,72.0
1555,2923,USC00513117,2010-07-20,0.21,75.0
1556,5565,USC00514830,2010-07-20,0.17,75.0
1557,7685,USC00517948,2010-07-20,0.07,74.0
1558,9716,USC00519523,2010-07-20,0.0,77.0
1559,12388,USC00519281,2010-07-20,0.1,74.0
1560,15150,USC00511918,2010-07-20,0.02,74.0
1561,17124,USC00516128,2010-07-20,1.23,70.0
1562,180,USC00519397,2010-07-19,0.04,77.0
1563,2922,USC00513117,2010-07-19,0.12,74.0
1564,5564,USC00514830,2010-07-19,0.14,69.0
1565,7684,USC00517948,2010-07-19,0.0,72.0
1566,9715,USC00519523,2010-07-19,0.0,76.0
1567,12387,USC00519281,2010-07-19,0.02,73.0
1568,15149,USC00511918,2010-07-19,0.01,70.0
1569,17123,USC00516128,2010-07-19,0.35,69.0
1570,179,USC00519397,2010-07-18,0.0,77.0
1571,2921,USC00513117,2010-07-18,0.05,75.0
1572,5563,USC00514830,2010-07-18,,75.0
1573,9714,USC00519523,2010-07-18,0.07,77.0
1574,12386,USC00519281,2010-07-18,0.31,74.0
1575,15148,USC00511918,2010-07-18,0.0,76.0
1576,17122,USC00516128,2010-07-18,2.14,74.0
1577,178,USC00519397,2010-07-17,0.02,76.0
1578,2920,USC00513117,2010-07-17,0.04,75.0
1579,9713,USC00519523,2010-07-17,0.08,74.0
1580,12385,USC00519281,2010-07-17,0.04,72.0
1581,15147,USC00511918,2010-07-17,0.02,74.0
1582,17121,USC00516128,2010-07-17,0.46,70.0
1583,177,USC00519397,2010-07-16,,78.0
1584,2919,USC00513117,2010-07-16,0.02,76.0
1585,5562,USC00514830,2010-07-16,0.02,74.0
1586,7683,USC00517948,2010-07-16,0.0,78.0
1587,9146,USC00518838,2010-07-16,0.04,73.0
1588,9712,USC00519523,2010-07-16,0.03,80.0
1589,12384,USC00519281,2010-07-16,0.01,76.0
1590,15146,USC00511918,2010-07-16,0.0,79.0
1591,17120,USC00516128,2010-07-16,0.19,70.0
1592,2918,USC00513117,2010-07-15,0.04,72.0
1593,5561,USC00514830,2010-07-15,0.13,75.0
1594,7682,USC00517948,2010-07-15,0.0,74.0
1595,9145,USC00518838,2010-07-15,,76.0
1596,9711,USC00519523,2010-07-15,0.03,76.0
1597,12383,USC00519281,2010-07-15,0.14,70.0
1598,15145,USC00511918,2010-07-15,0.01,79.0
1599,17119,USC00516128,2010-07-15,0.24,68.0
1600,2917,USC00513117,2010-07-14,0.45,70.0
1601,5560,USC00514830,2010-07-14,0.03,72.0
1602,7681,USC00517948,2010-07-14,0.0,74.0
1603,9710,USC00519523,2010-07-14,0.04,74.0
1604,12382,USC00519281,2010-07-14,0.2,70.0
1605,15144,USC00511918,2010-07-14,0.01,77.0
1606,17118,USC00516128,2010-07-14,0.48,69.0
1607,176,USC00519397,2010-07-13,0.0,80.0
1608,2916,USC00513117,2010-07-13,0.01,72.0
1609,5559,USC00514830,2010-07-13,0.0,72.0
1610,9144,USC00518838,2010-07-13,,75.0
1611,9709,USC00519523,2010-07-13,0.0,76.0
1612,12381,USC00519281,2010-07-13,0.62,69.0
1613,15143,USC00511918,2010-07-13,0.0,80.0
1614,17117,USC00516128,2010-07-13,0.0,72.0
1615,175,USC00519397,2010-07-12,0.0,77.0
1616,2915,USC00513117,2010-07-12,0.0,72.0
1617,5558,USC00514830,2010-07-12,0.0,73.0
1618,9708,USC00519523,2010-07-12,0.0,75.0
1619,12380,USC00519281,2010-07-12,0.0,70.0
1620,15142,USC00511918,2010-07-12,,80.0
1621,17116,USC00516128,2010-07-12,0.25,70.0
1622,174,USC00519397,2010-07-11,0.0,78.0
1623,2914,USC00513117,2010-07-11,0.02,81.0
1624,9143,USC00518838,2010-07-11,0.01,72.0
1625,9707,USC00519523,2010-07-11,0.0,81.0
1626,12379,USC00519281,2010-07-11,0.0,77.0
1627,17115,USC00516128,2010-07-11,0.31,71.0
1628,173,USC00519397,2010-07-10,0.09,76.0
1629,2913,USC00513117,2010-07-10,0.09,73.0
1630,5557,USC00514830,2010-07-10,0.06,71.0
1631,9142,USC00518838,2010-07-10,0.44,71.0
1632,9706,USC00519523,2010-07-10,0.1,76.0
1633,12378,USC00519281,2010-07-10,0.19,74.0
1634,15141,USC00511918,2010-07-10,0.01,76.0
1635,17114,USC00516128,2010-07-10,0.75,68.0
1636,172,USC00519397,2010-07-09,0.06,74.0
1637,2912,USC00513117,2010-07-09,0.04,74.0
1638,5556,USC00514830,2010-07-09,0.01,74.0
1639,7680,USC00517948,2010-07-09,0.08,73.0
1640,9141,USC00518838,2010-07-09,,74.0
1641,9705,USC00519523,2010-07-09,0.06,72.0
1642,12377,USC00519281,2010-07-09,0.02,74.0
1643,15140,USC00511918,2010-07-09,0.15,72.0
1644,17113,USC00516128,2010-07-09,0.75,68.0
1645,171,USC00519397,2010-07-08,0.03,76.0
1646,2911,USC00513117,2010-07-08,0.04,74.0
1647,5555,USC00514830,2010-07-08,0.14,70.0
1648,7679,USC00517948,2010-07-08,0.05,75.0
1649,9704,USC00519523,2010-07-08,0.02,76.0
1650,12376,USC00519281,2010-07-08,0.06,73.0
1651,15139,USC00511918,2010-07-08,0.03,74.0
1652,17112,USC00516128,2010-07-08,0.9,69.0
1653,170,USC00519397,2010-07-07,0.08,74.0
1654,2910,USC00513117,2010-07-07,0.11,73.0
1655,5554,USC00514830,2010-07-07,0.09,71.0
1656,7678,USC00517948,2010-07-07,0.03,76.0
1657,9140,USC00518838,2010-07-07,0.11,73.0
1658,9703,USC00519523,2010-07-07,0.21,73.0
1659,12375,USC00519281,2010-07-07,0.21,70.0
1660,15138,USC00511918,2010-07-07,0.02,70.0
1661,17111,USC00516128,2010-07-07,1.05,69.0
1662,169,USC00519397,2010-07-06,0.08,76.0
1663,2909,USC00513117,2010-07-06,0.05,72.0
1664,5553,USC00514830,2010-07-06,0.15,73.0
1665,7677,USC00517948,2010-07-06,,75.0
1666,9139,USC00518838,2010-07-06,0.41,71.0
1667,9702,USC00519523,2010-07-06,0.08,73.0
1668,12374,USC00519281,2010-07-06,0.14,70.0
1669,15137,USC00511918,2010-07-06,0.1,71.0
1670,17110,USC00516128,2010-07-06,1.01,69.0
1671,168,USC00519397,2010-07-05,0.06,78.0
1672,2908,USC00513117,2010-07-05,0.03,72.0
1673,5552,USC00514830,2010-07-05,0.0,76.0
1674,9138,USC00518838,2010-07-05,0.03,75.0
1675,9701,USC00519523,2010-07-05,0.01,79.0
1676,12373,USC00519281,2010-07-05,0.08,74.0
1677,15136,USC00511918,2010-07-05,0.01,78.0
1678,17109,USC00516128,2010-07-05,0.14,72.0
1679,167,USC00519397,2010-07-04,0.05,78.0
1680,2907,USC00513117,2010-07-04,0.07,75.0
1681,5551,USC00514830,2010-07-04,0.08,72.0
1682,9137,USC00518838,2010-07-04,0.09,76.0
1683,9700,USC00519523,2010-07-04,0.05,79.0
1684,12372,USC00519281,2010-07-04,0.38,73.0
1685,15135,USC00511918,2010-07-04,0.0,78.0
1686,17108,USC00516128,2010-07-04,0.44,72.0
1687,166,USC00519397,2010-07-03,0.09,77.0
1688,2906,USC00513117,2010-07-03,0.06,75.0
1689,5550,USC00514830,2010-07-03,0.16,73.0
1690,9136,USC00518838,2010-07-03,0.84,73.0
1691,9699,USC00519523,2010-07-03,0.09,76.0
1692,12371,USC00519281,2010-07-03,0.38,72.0
1693,15134,USC00511918,2010-07-03,,78.0
1694,17107,USC00516128,2010-07-03,1.81,69.0
1695,165,USC00519397,2010-07-02,0.05,77.0
1696,2905,USC00513117,2010-07-02,0.14,72.0
1697,5549,USC00514830,2010-07-02,0.32,69.0
1698,7676,USC00517948,2010-07-02,0.02,74.0
1699,9135,USC00518838,2010-07-02,0.2,70.0
1700,9698,USC00519523,2010-07-02,0.14,74.0
1701,12370,USC00519281,2010-07-02,0.23,71.0
1702,17106,USC00516128,2010-07-02,0.7,69.0
1703,164,USC00519397,2010-07-01,0.01,75.0
1704,2904,USC00513117,2010-07-01,0.01,73.0
1705,5548,USC00514830,2010-07-01,0.02,71.0
1706,7675,USC00517948,2010-07-01,0.0,73.0
1707,9134,USC00518838,2010-07-01,0.09,73.0
1708,9697,USC00519523,2010-07-01,0.13,74.0
1709,12369,USC00519281,2010-07-01,0.0,73.0
1710,17105,USC00516128,2010-07-01,0.44,70.0
